INGENIERO BAC,INGENIERO COLSOF,SBAN,TIPO,Nombre Oficina,MJNICIPIO,DEPARTAMENTO,Jefaturas  Operaciones Regional,ALIADO,OBSERVACIONES,FECHA INICIO CRONOGRAMANA,FECHA FIN CRONOGRMA,ESTADO COLSOF,ESTADO BAC,REVISION BAC,OBSERVACION,FECHA DE INICIO,FECHA FIN
,LAURA,10,Oficina,CENTRO DE NEGOCIOS BOGOTA CENTRO,"Bogotá, D.C.",Bogotá D.C,BOGOTA,GESTIONATECH,,"Wednesday, October 7, 2026","Friday, October 9, 2026",,,,,,
,LAURA,20,Oficina,"BOGOTA CENTRO DE PAGOS, RECAUDOS Y DEPOSITOS JUDICIALES CHAPINERO","Bogotá, D.C.",Bogotá D.C,BOGOTA,GESTIONATECH,,"Monday, October 5, 2026","Tuesday, October 6, 2026",,,,,,
,LAURA,70,Oficina,BOGOTA - AVENIDA JIMENEZ,"Bogotá, D.C.",Bogotá D.C,BOGOTA,GESTIONATECH,,"Monday, September 28, 2026","Wednesday, September 30, 2026",,,,,,
,LAURA,230,Oficina,BOGOTA - CAN,"Bogotá, D.C.",Bogotá D.C,BOGOTA,GESTIONATECH,,"Monday, October 26, 2026","Monday, October 26, 2026",,,,,,
,LAURA,250,Oficina,BOGOTA - PALOQUEMAO,"Bogotá, D.C.",Bogotá D.C,BOGOTA,GESTIONATECH,,"Wednesday, October 21, 2026","Wednesday, October 21, 2026",,,,,,
,LAURA,260,Oficina,BOGOTA - CORABASTOS,"Bogotá, D.C.",Bogotá D.C,BOGOTA,GESTIONATECH,,"Tuesday, October 13, 2026","Wednesday, October 14, 2026",,,,,,
,LAURA,280,Oficina,BOGOTA - CODABAS,"Bogotá, D.C.",Bogotá D.C,BOGOTA,GESTIONATECH,,"Friday, October 2, 2026","Friday, October 2, 2026",,,,,,
,LAURA,290,Oficina,UBATE,Ubate,Cundinamarca,BOGOTA,GESTIONATECH,,"Tuesday, September 8, 2026","Tuesday, September 8, 2026",,,,,,
,LAURA,360,Oficina,BOGOTÀ - CALLE CIEN,"Bogotá, D.C.",Bogotá D.C,BOGOTA,GESTIONATECH,,"Friday, October 23, 2026","Friday, October 23, 2026",,,,,,
,LAURA,590,Oficina,BOGOTA - BARRIO RESTREPO,"Bogotá, D.C.",Bogotá D.C,BOGOTA,GESTIONATECH,,"Thursday, October 15, 2026","Friday, October 16, 2026",,,,,,
,LAURA,700,Oficina,LA CALERA,La Calera,Cundinamarca,BOGOTA,GESTIONATECH,,"Tuesday, September 15, 2026","Tuesday, September 15, 2026",,,,,,
,LAURA,730,Oficina,UNE,Une,Cundinamarca,BOGOTA,GESTIONATECH,,"Wednesday, September 9, 2026","Wednesday, September 9, 2026",,,,,,
,LAURA,750,Oficina,BOGOTÀ - SUBA,"Bogotá, D.C.",Bogotá D.C,BOGOTA,GESTIONATECH,,"Thursday, October 1, 2026","Thursday, October 1, 2026",,,,,,
,LAURA,820,Oficina,BOGOTA - AVENIDA CHILE,"Bogotá, D.C.",Bogotá D.C,BOGOTA,GESTIONATECH,,"Monday, October 19, 2026","Tuesday, October 20, 2026",,,,,,
,LAURA,850,Oficina,BOGOTA - PUENTE ARANDA,"Bogotá, D.C.",Bogotá D.C,BOGOTA,GESTIONATECH,,"Thursday, October 22, 2026","Thursday, October 22, 2026",,,,,,
,LAURA,890,Oficina,BOGOTA - USME,"Bogotá, D.C.",Bogotá D.C,BOGOTA,GESTIONATECH,,"Tuesday, October 27, 2026","Tuesday, October 27, 2026",,,,,,
,LAURA,900,Oficina,FACATATIVA,Facatativá,Cundinamarca,BOGOTA,GESTIONATECH,,"Thursday, October 1, 2026","Thursday, October 1, 2026",,,,,,
,LAURA,910,Oficina,FUNZA,Funza,Cundinamarca,BOGOTA,GESTIONATECH,,"Friday, September 18, 2026","Friday, September 18, 2026",,,,,,
,LAURA,920,Oficina,CHIA,Chía,Cundinamarca,BOGOTA,GESTIONATECH,,"Monday, September 14, 2026","Monday, September 14, 2026",,,,,,
,LAURA,940,Oficina,TENJO,Tenjo,Cundinamarca,BOGOTA,GESTIONATECH,,"Thursday, September 17, 2026","Thursday, September 17, 2026",,,,,,
,LAURA,960,Oficina,SOPO,Sopó,Cundinamarca,BOGOTA,GESTIONATECH,,"Wednesday, September 16, 2026","Wednesday, September 16, 2026",,,,,,
,LAURA,970,Oficina,ZIPAQUIRA,Zipaquirá,Cundinamarca,BOGOTA,GESTIONATECH,,"Wednesday, September 16, 2026","Wednesday, September 16, 2026",,,,,,
,LAURA,980,Oficina,SUBACHOQUE,Subachoque,Cundinamarca,BOGOTA,GESTIONATECH,,"Wednesday, September 30, 2026","Wednesday, September 30, 2026",,,,,,
,LAURA,1203,Oficina,ACHI,Achí,Bolívar,COSTA,GESTIONATECH,,"Tuesday, September 22, 2026","Tuesday, September 22, 2026",,,,,,
,LAURA,1204,Oficina,SOLEDAD,Soledad,Atlántico,COSTA,GESTIONATECH,,"Friday, October 9, 2026","Friday, October 9, 2026",,,,,,
,LAURA,1205,Oficina,ZONA BANANERA,Zona Bananera,Magdalena,COSTA,GESTIONATECH,,"Wednesday, October 28, 2026","Thursday, October 29, 2026",,,,,,
,LAURA,1207,Oficina,CARTAGENA,Cartagena,Bolívar,COSTA,GESTIONATECH,,"Thursday, September 17, 2026","Friday, September 18, 2026",,,,,,
,LAURA,1215,Oficina,ARJONA,Arjona,Bolívar,COSTA,GESTIONATECH,,"Wednesday, October 7, 2026","Wednesday, October 7, 2026",,,,,,
,LAURA,1216,Oficina,CALAMAR,Calamar,Bolívar,COSTA,GESTIONATECH,,"Tuesday, October 20, 2026","Tuesday, October 20, 2026",,,,,,
,LAURA,1218,Oficina,MARIA LA BAJA,María La Baja,Bolívar,COSTA,GESTIONATECH,,"Monday, October 5, 2026","Monday, October 5, 2026",,,,,,
,LAURA,1230,Oficina,EL CARMEN DE BOLIVAR,El Carmen de Bolivar,Bolívar,COSTA,GESTIONATECH,,"Monday, September 14, 2026","Monday, September 14, 2026",,,,,,
,LAURA,1240,Oficina,MAGANGUE,Magangué,Bolívar,COSTA,GESTIONATECH,,"Monday, September 21, 2026","Monday, September 21, 2026",,,,,,
,LAURA,1243,Oficina,MOMPOX,Mompós,Bolívar,COSTA,GESTIONATECH,,"Thursday, September 17, 2026","Thursday, September 17, 2026",,,,,,
,LAURA,1244,Oficina,MORALES,Morales,Bolívar,SANTANDERES,GESTIONATECH,,"Friday, September 11, 2026","Friday, September 11, 2026",,,,,,
,LAURA,1246,Oficina,PINILLOS,Pinillos,Bolívar,COSTA,GESTIONATECH,,"Monday, September 28, 2026","Monday, September 28, 2026",,,,,,
,LAURA,1250,Oficina,SAN JUAN DE NEPOMUCENO,San Juan Nepomuceno,Bolívar,COSTA,GESTIONATECH,,"Wednesday, September 16, 2026","Wednesday, September 16, 2026",,,,,,
,LAURA,1255,Oficina,SAN PABLO,San Pablo,Bolívar,SANTANDERES,GESTIONATECH,,"Tuesday, September 8, 2026","Tuesday, September 8, 2026",,,,,,
,LAURA,1260,Oficina,SAN ESTANISLAO,San Estanislao,Bolívar,COSTA,GESTIONATECH,,"Friday, October 9, 2026","Friday, October 9, 2026",,,,,,
,LAURA,1263,Oficina,SAN JACINTO,San Jacinto,Bolívar,COSTA,GESTIONATECH,,"Friday, September 11, 2026","Friday, September 11, 2026",,,,,,
,LAURA,1265,Oficina,SIMITI,Simití,Bolívar,SANTANDERES,GESTIONATECH,,"Thursday, September 10, 2026","Thursday, September 10, 2026",,,,,,
,LAURA,1267,Oficina,SANTA CATALINA,Santa Catalina,Bolívar,COSTA,GESTIONATECH,,"Tuesday, October 6, 2026","Tuesday, October 6, 2026",,,,,,
,LAURA,1270,Oficina,SANTA ROSA DEL SUR,Santa Rosa Del Sur,Bolívar,SANTANDERES,GESTIONATECH,,"Wednesday, September 9, 2026","Wednesday, September 9, 2026",,,,,,
,HEIDY,1301,Oficina,ANDES,Andes,Antioquia,ANTIOQUIA,INSARED,,"Friday, September 11, 2026","Friday, September 11, 2026",,,,,,
,HEIDY,1302,Oficina,ABEJORRAL,Abejorral,Antioquia,ANTIOQUIA,INSARED,,"Thursday, October 15, 2026","Thursday, October 15, 2026",,,,,,
,HEIDY,1303,Oficina,MEDELLIN MILLA DE ORO,Medellín,Antioquia,ANTIOQUIA,INSARED,,"Tuesday, September 22, 2026","Thursday, September 24, 2026",,,,,,
,HEIDY,1305,Oficina,ITAGÜI,Itagüi,Antioquia,ANTIOQUIA,INSARED,,"Wednesday, September 16, 2026","Friday, September 18, 2026",,,,,,
,HEIDY,1307,Oficina,MEDELLIN AMERICA,Medellín,Antioquia,ANTIOQUIA,INSARED,,"Friday, September 4, 2026","Tuesday, September 8, 2026",,,,,,
,HEIDY,1309,Oficina,ANGELOPOLIS,Angelópolis,Antioquia,ANTIOQUIA,INSARED,,"Thursday, October 22, 2026","Thursday, October 22, 2026",,,,,,
,HEIDY,1314,Oficina,ANGOSTURA,Angostura,Antioquia,ANTIOQUIA,INSARED,,"Monday, September 28, 2026","Monday, September 28, 2026",,,,,,
,HEIDY,1316,Oficina,ANORI,Anorí,Antioquia,ANTIOQUIA,INSARED,,"Thursday, September 24, 2026","Thursday, September 24, 2026",,,,,,
,HEIDY,1317,Oficina,ANZA,Anza,Antioquia,ANTIOQUIA,INSARED,,"Thursday, September 17, 2026","Thursday, September 17, 2026",,,,,,
,HEIDY,1318,Oficina,ARBOLETES,Arboletes,Antioquia,COSTA,INSARED,,"Tuesday, October 13, 2026","Wednesday, October 14, 2026",,,,,,
,HEIDY,1320,Oficina,EL BAGRE,El Bagre,Antioquia,ANTIOQUIA,INSARED,,"Monday, September 7, 2026","Monday, September 7, 2026",,,,,,
,HEIDY,1321,Oficina,CAUCASIA,Caucasia,Antioquia,ANTIOQUIA,INSARED,,"Tuesday, September 1, 2026","Wednesday, September 2, 2026",Programada,,,,,
,HEIDY,1323,Oficina,CENTRO DE NEGOCIOS MEDELLIN CARABOBO,Medellín,Antioquia,ANTIOQUIA,INSARED,,"Friday, October 2, 2026","Friday, October 9, 2026",,,,,,
,HEIDY,1324,Oficina,DON MATIAS,Donmatías,Antioquia,ANTIOQUIA,INSARED,,"Wednesday, October 14, 2026","Wednesday, October 14, 2026",,,,,,
,HEIDY,1325,Oficina,CHIGORODO,Chigorodó,Antioquia,ANTIOQUIA,INSARED,,"Friday, September 11, 2026","Friday, September 11, 2026",,,,,,
,HEIDY,1326,Oficina,MUTATA,Mutatá,Antioquia,ANTIOQUIA,INSARED,,"Monday, September 14, 2026","Monday, September 14, 2026",,,,,,
,HEIDY,1330,Oficina,ARGELIA,Argelia,Antioquia,ANTIOQUIA,INSARED,,"Wednesday, October 14, 2026","Wednesday, October 14, 2026",,,,,,
,HEIDY,1331,Oficina,MEDELLIN ALPUJARRA,Medellín,Antioquia,ANTIOQUIA,INSARED,,"Tuesday, September 29, 2026","Thursday, October 1, 2026",,,,,,
,HEIDY,1332,Oficina,TURBO,Turbo,Antioquia,ANTIOQUIA,INSARED,,"Monday, September 21, 2026","Monday, September 21, 2026",,,,,,
,HEIDY,1334,Oficina,ALTAMIRA (Corregimiento del municipio de Betulia - Antioquia),Betulia,Antioquia,ANTIOQUIA,INSARED,,"Wednesday, September 9, 2026","Wednesday, September 9, 2026",,,,,,
,HEIDY,1336,Oficina,JARDIN,Jardín,Antioquia,ANTIOQUIA,INSARED,,"Friday, September 11, 2026","Friday, September 11, 2026",,,,,,
,HEIDY,1340,Oficina,SANTA ROSA DE OSOS,Santa Rosa De Osos,Antioquia,ANTIOQUIA,INSARED,,"Monday, October 19, 2026","Monday, October 19, 2026",,,,,,
,HEIDY,1341,Oficina,BETANIA,Betania,Antioquia,ANTIOQUIA,INSARED,,"Thursday, September 10, 2026","Thursday, September 10, 2026",,,,,,
,HEIDY,1342,Oficina,BOLIVAR,Ciudad Bolívar,Antioquia,ANTIOQUIA,INSARED,,"Thursday, September 10, 2026","Thursday, September 10, 2026",,,,,,
,HEIDY,1345,Oficina,SAN LUIS,San Luis,Antioquia,ANTIOQUIA,INSARED,,"Friday, October 9, 2026","Friday, October 9, 2026",,,,,,
,HEIDY,1346,Oficina,SONSON,Sonson,Antioquia,ANTIOQUIA,INSARED,,"Thursday, October 15, 2026","Thursday, October 15, 2026",,,,,,
,HEIDY,1348,Oficina,EL RETIRO,Retiro,Antioquia,ANTIOQUIA,INSARED,,"Friday, September 18, 2026","Friday, September 18, 2026",,,,,,
,HEIDY,1349,Oficina,ARMENIA,Armenia,Antioquia,ANTIOQUIA,INSARED,,"Friday, October 23, 2026","Friday, October 23, 2026",,,,,,
,HEIDY,1350,Oficina,AMAGA,Amagá,Antioquia,ANTIOQUIA,INSARED,,"Wednesday, October 21, 2026","Wednesday, October 21, 2026",,,,,,
,HEIDY,1351,Oficina,BELLO,Bello,Antioquia,ANTIOQUIA,INSARED,"B232D8VZP01351 ejecutar rastreos, reiniciar equipo por que el antivirus no responde","Tuesday, September 1, 2026","Thursday, September 3, 2026",En proceso,EJECUCION ,EJECUCION,"B232D8VZP01351 ejecutar rastreos, reiniciar equipo por que el antivirus no responde",1/092026,
,HEIDY,1352,Oficina,APARTADO,Apartadó,Antioquia,ANTIOQUIA,INSARED,,"Wednesday, September 30, 2026","Thursday, October 1, 2026",,,,,,
,HEIDY,1353,Oficina,EBEJICO,Ebéjico,Antioquia,ANTIOQUIA,INSARED,,"Tuesday, September 1, 2026","Tuesday, September 1, 2026",En proceso,OK,OK,,1/092026,
,HEIDY,1354,Oficina,CAICEDO,Caicedo,Antioquia,ANTIOQUIA,INSARED,,"Tuesday, September 8, 2026","Tuesday, September 8, 2026",,,,,,
,HEIDY,1355,Oficina,COPACABANA,Copacabana,Antioquia,ANTIOQUIA,INSARED,,"Tuesday, October 13, 2026","Tuesday, October 13, 2026",,,,,,
,HEIDY,1356,Oficina,SAN JUAN DE URABA,San Juan De Urabá,Antioquia,ANTIOQUIA,INSARED,,"Friday, October 2, 2026","Friday, October 2, 2026",,,,,,
,HEIDY,1357,Oficina,TAMESIS,Támesis,Antioquia,ANTIOQUIA,INSARED,,"Tuesday, September 15, 2026","Tuesday, September 15, 2026",,,,,,
,HEIDY,1359,Oficina,ENVIGADO,Envigado,Antioquia,ANTIOQUIA,INSARED,,"Wednesday, September 9, 2026","Friday, September 11, 2026",,,,,,
,HEIDY,1360,Oficina,HELICONIA,Heliconia,Antioquia,ANTIOQUIA,INSARED,,"Thursday, October 22, 2026","Thursday, October 22, 2026",,,,,,
,HEIDY,1361,Oficina,CAMPAMENTO,Campamento,Antioquia,ANTIOQUIA,INSARED,,"Monday, September 28, 2026","Monday, September 28, 2026",,,,,,
,HEIDY,1362,Oficina,CAÑASGORDAS,Cañasgordas,Antioquia,ANTIOQUIA,INSARED,,"Friday, September 18, 2026","Friday, September 18, 2026",,,,,,
,HEIDY,1363,Oficina,LA PINTADA,La Pintada,Antioquia,ANTIOQUIA,INSARED,,"Thursday, September 17, 2026","Thursday, September 17, 2026",,,,,,
,HEIDY,1365,Oficina,PUERTO BERRIO,Puerto Berrío,Antioquia,ANTIOQUIA,INSARED,,"Monday, October 19, 2026","Monday, October 19, 2026",,,,,,
,HEIDY,1366,Oficina,PUERTO TRIUNFO,Puerto Triunfo,Antioquia,ANTIOQUIA,INSARED,,"Friday, October 23, 2026","Friday, October 23, 2026",,,,,,
,HEIDY,1368,Oficina,CISNEROS,Cisneros,Antioquia,ANTIOQUIA,INSARED,,"Thursday, September 3, 2026","Thursday, September 3, 2026",,,,,,
,HEIDY,1370,Oficina,LA CEJA,La Ceja,Antioquia,ANTIOQUIA,INSARED,,"Monday, September 7, 2026","Monday, September 7, 2026",,,,,,
,HEIDY,1371,Oficina,LA ESTRELLA,La Estrella,Antioquia,ANTIOQUIA,INSARED,,"Monday, September 21, 2026","Tuesday, September 22, 2026",,,,,,
,HEIDY,1372,Oficina,COCORNA,Cocorná,Antioquia,ANTIOQUIA,INSARED,,"Thursday, October 8, 2026","Thursday, October 8, 2026",,,,,,
,HEIDY,1374,Oficina,CARMEN DE VIBORAL,El Carmen De Viboral,Antioquia,ANTIOQUIA,INSARED,,"Wednesday, November 4, 2026","Wednesday, November 4, 2026",,,,,,
,HEIDY,1375,Oficina,CALDAS,Caldas,Antioquia,ANTIOQUIA,INSARED,,"Thursday, October 15, 2026","Friday, October 16, 2026",,,,,,
,HEIDY,1377,Oficina,GIRARDOTA,Girardota,Antioquia,ANTIOQUIA,INSARED,,"Monday, September 14, 2026","Tuesday, September 15, 2026",,,,,,
,HEIDY,1378,Oficina,GUADALUPE,Guadalupe,Antioquia,ANTIOQUIA,INSARED,,"Friday, October 2, 2026","Friday, October 2, 2026",,,,,,
,HEIDY,1379,Oficina,GUARNE,Guarne,Antioquia,ANTIOQUIA,INSARED,,"Friday, September 18, 2026","Friday, September 18, 2026",,,,,,
,HEIDY,1380,Oficina,GRANADA,Granada,Antioquia,ANTIOQUIA,INSARED,,"Thursday, October 29, 2026","Thursday, October 29, 2026",,,,,,
,HEIDY,1381,Oficina,RIONEGRO,Rionegro,Antioquia,ANTIOQUIA,INSARED,,"Wednesday, September 2, 2026","Wednesday, September 2, 2026",,,,,,
,HEIDY,1382,Oficina,LA UNION,La Unión,Antioquia,ANTIOQUIA,INSARED,,"Friday, October 16, 2026","Friday, October 16, 2026",,,,,,
,HEIDY,1383,Oficina,MARINILLA,Marinilla,Antioquia,ANTIOQUIA,INSARED,,"Friday, October 30, 2026","Friday, October 30, 2026",,,,,,
,HEIDY,1385,Oficina,SAN CRISTOBAL,Medellín,Antioquia,ANTIOQUIA,INSARED,,"Friday, September 25, 2026","Friday, September 25, 2026",,,,,,
,HEIDY,1386,Oficina,SAN JERONIMO,San Jerónimo,Antioquia,ANTIOQUIA,INSARED,,"Tuesday, September 22, 2026","Tuesday, September 22, 2026",,,,,,
,HEIDY,1387,Oficina,SAN PEDRO,San Pedro De Los Milagros,Antioquia,ANTIOQUIA,INSARED,,"Monday, September 28, 2026","Monday, September 28, 2026",,,,,,
,HEIDY,1388,Oficina,SAN VICENTE,San Vicente,Antioquia,ANTIOQUIA,INSARED,,"Wednesday, October 7, 2026","Wednesday, October 7, 2026",,,,,,
,HEIDY,1389,Oficina,SANTAFE DE ANTIOQUIA,Santafé De Antioquia,Antioquia,ANTIOQUIA,INSARED,,"Wednesday, September 16, 2026","Thursday, September 17, 2026",,,,,,
,HEIDY,1390,Oficina,SANTUARIO,El Santuario,Antioquia,ANTIOQUIA,INSARED,,"Thursday, October 8, 2026","Thursday, October 8, 2026",,,,,,
,HEIDY,1391,Oficina,SAN PEDRO DE URABA,San Pedro De Uraba,Antioquia,COSTA,INSARED,,"Monday, October 5, 2026","Monday, October 5, 2026",,,,,,
,HEIDY,1392,Oficina,TITIRIBI,Titiribí,Antioquia,ANTIOQUIA,INSARED,,"Wednesday, October 21, 2026","Wednesday, October 21, 2026",,,,,,
,HEIDY,1393,Oficina,JERICO,Jericó,Antioquia,ANTIOQUIA,INSARED,,"Tuesday, September 15, 2026","Tuesday, September 15, 2026",,,,,,
,HEIDY,1394,Oficina,YONDO,Yondó,Antioquia,SANTANDERES,INSARED,,"Tuesday, October 20, 2026","Wednesday, October 21, 2026",,,,,,
,HEIDY,1395,Oficina,URRAO,Urrao,Antioquia,ANTIOQUIA,INSARED,,"Wednesday, September 9, 2026","Wednesday, September 9, 2026",,,,,,
,HEIDY,1396,Oficina,SAN CARLOS,San Carlos,Antioquia,ANTIOQUIA,INSARED,,"Thursday, October 29, 2026","Thursday, October 29, 2026",,,,,,
,HEIDY,1397,Oficina,SOPETRAN,Sopetrán,Antioquia,ANTIOQUIA,INSARED,,"Wednesday, September 23, 2026","Wednesday, September 23, 2026",,,,,,
,HEIDY,1398,Oficina,YARUMAL,Yarumal,Antioquia,ANTIOQUIA,INSARED,,"Tuesday, September 29, 2026","Tuesday, September 29, 2026",,,,,,
,HEIDY,1399,Oficina,ZARAGOZA,Zaragoza,Antioquia,ANTIOQUIA,INSARED,,"Tuesday, September 8, 2026","Tuesday, September 8, 2026",,,,,,
,HEIDY,1401,Oficina,CONCEPCION,Concepción,Antioquia,ANTIOQUIA,INSARED,,"Wednesday, October 7, 2026","Wednesday, October 7, 2026",,,,,,
,HEIDY,1410,Oficina,CARACOLI,Caracolí,Antioquia,ANTIOQUIA,INSARED,,"Friday, September 4, 2026","Friday, September 4, 2026",,,,,,
,HEIDY,1412,Oficina,CARAMANTA,Caramanta,Antioquia,ANTIOQUIA,INSARED,,"Wednesday, September 16, 2026","Wednesday, September 16, 2026",,,,,,
,HEIDY,1414,Oficina,CAROLINA,Carolina,Antioquia,ANTIOQUIA,INSARED,,"Friday, September 25, 2026","Friday, September 25, 2026",,,,,,
,HEIDY,1415,Oficina,AMALFI,Amalfi,Antioquia,ANTIOQUIA,INSARED,,"Thursday, September 24, 2026","Thursday, September 24, 2026",,,,,,
,HEIDY,1420,Oficina,FRONTINO,Frontino,Antioquia,ANTIOQUIA,INSARED,,"Tuesday, September 29, 2026","Tuesday, September 29, 2026",,,,,,
,HEIDY,1422,Oficina,GOMEZ PLATA,Gómez Plata,Antioquia,ANTIOQUIA,INSARED,,"Friday, September 25, 2026","Friday, September 25, 2026",,,,,,
,HEIDY,1424,Oficina,ITUANGO,Ituango,Antioquia,ANTIOQUIA,INSARED,,"Wednesday, September 30, 2026","Wednesday, September 30, 2026",,,,,,
,HEIDY,1426,Oficina,LIBORINA,Liborina,Antioquia,ANTIOQUIA,INSARED,,"Wednesday, September 23, 2026","Thursday, September 24, 2026",,,,,,
,HEIDY,1428,Oficina,DABEIBA,Dabeiba,Antioquia,ANTIOQUIA,INSARED,,"Friday, September 25, 2026","Friday, September 25, 2026",,,,,,
,HEIDY,1430,Oficina,PUERTO NARE,Puerto Nare,Antioquia,ANTIOQUIA,INSARED,,"Thursday, October 22, 2026","Thursday, October 22, 2026",,,,,,
,HEIDY,1435,Oficina,MACEO,Maceo,Antioquia,ANTIOQUIA,INSARED,,"Tuesday, September 22, 2026","Tuesday, September 22, 2026",,,,,,
,HEIDY,1438,Oficina,MONTEBELLO,Montebello,Antioquia,ANTIOQUIA,INSARED,,"Thursday, September 17, 2026","Thursday, September 17, 2026",,,,,,
,HEIDY,1442,Oficina,NARIÑO,Nariño,Antioquia,ANTIOQUIA,INSARED,,"Wednesday, October 14, 2026","Wednesday, October 14, 2026",,,,,,
,HEIDY,1444,Oficina,NECHI,Nechí,Antioquia,ANTIOQUIA,INSARED,,"Tuesday, September 1, 2026","Tuesday, September 1, 2026",En proceso,OK,OK,,1/092026,
,HEIDY,1446,Oficina,NECOCLI,Necoclí,Antioquia,ANTIOQUIA,INSARED,,"Thursday, September 10, 2026","Thursday, September 10, 2026",,,,,,
,HEIDY,1448,Oficina,EL PEÑOL,Peñol,Antioquia,ANTIOQUIA,INSARED,,"Tuesday, October 27, 2026","Tuesday, October 27, 2026",,,,,,
,HEIDY,1450,Oficina,PEQUE,Peque,Antioquia,ANTIOQUIA,INSARED,,"Tuesday, September 15, 2026","Tuesday, September 15, 2026",,,,,,
,HEIDY,1452,Oficina,PUEBLORRICO,Pueblorrico,Antioquia,ANTIOQUIA,INSARED,,"Tuesday, October 20, 2026","Tuesday, October 20, 2026",,,,,,
,HEIDY,1454,Oficina,REMEDIOS,Remedios,Antioquia,ANTIOQUIA,INSARED,,"Wednesday, September 23, 2026","Wednesday, September 23, 2026",,,,,,
,HEIDY,1456,Oficina,VEGACHI,Vegachí,Antioquia,ANTIOQUIA,INSARED,,"Tuesday, September 22, 2026","Tuesday, September 22, 2026",,,,,,
,HEIDY,1460,Oficina,SABANALARGA,Sabanalarga,Antioquia,ANTIOQUIA,INSARED,,"Thursday, September 24, 2026","Thursday, September 24, 2026",,,,,,
,HEIDY,1462,Oficina,SAN ANDRES DE CUERQUIA,San Andrés De Cuerquía,Antioquia,ANTIOQUIA,INSARED,,"Thursday, October 1, 2026","Thursday, October 1, 2026",,,,,,
,HEIDY,1466,Oficina,SAN JOSE DE LA MONTAÑA,San José De La Montaña,Antioquia,ANTIOQUIA,INSARED,,"Tuesday, September 29, 2026","Tuesday, September 29, 2026",,,,,,
,HEIDY,1470,Oficina,SAN RAFAEL,San Rafael,Antioquia,ANTIOQUIA,INSARED,,"Wednesday, October 28, 2026","Wednesday, October 28, 2026",,,,,,
,HEIDY,1471,Oficina,ALEJANDRIA,Alejandría,Antioquia,ANTIOQUIA,INSARED,,"Tuesday, October 6, 2026","Tuesday, October 6, 2026",,,,,,
,HEIDY,1472,Oficina,SAN ROQUE,San Roque,Antioquia,ANTIOQUIA,INSARED,,"Thursday, September 3, 2026","Thursday, September 3, 2026",,,,,,
,HEIDY,1474,Oficina,SANTO DOMINGO,Santo Domingo,Antioquia,ANTIOQUIA,INSARED,,"Tuesday, October 6, 2026","Tuesday, October 6, 2026",,,,,,
,HEIDY,1476,Oficina,SEGOVIA,Segovia,Antioquia,ANTIOQUIA,INSARED,,"Wednesday, September 23, 2026","Wednesday, September 23, 2026",,,,,,
,HEIDY,1478,Oficina,TARAZA,Tarazá,Antioquia,ANTIOQUIA,INSARED,,"Thursday, September 3, 2026","Thursday, September 3, 2026",,,,,,
,HEIDY,1480,Oficina,TARSO,Tarso,Antioquia,ANTIOQUIA,INSARED,,"Tuesday, October 20, 2026","Tuesday, October 20, 2026",,,,,,
,HEIDY,1482,Oficina,TOLEDO,Toledo,Antioquia,ANTIOQUIA,INSARED,,"Wednesday, September 30, 2026","Wednesday, September 30, 2026",,,,,,
,HEIDY,1484,Oficina,VALDIVIA,Valdivia,Antioquia,ANTIOQUIA,INSARED,,"Friday, September 4, 2026","Friday, September 4, 2026",,,,,,
,HEIDY,1486,Oficina,VALPARAISO,Valparaíso,Antioquia,ANTIOQUIA,INSARED,,"Wednesday, September 16, 2026","Wednesday, September 16, 2026",,,,,,
,HEIDY,1487,Oficina,ENTRERRIOS,ENTRERRIOS,Antioquia,ANTIOQUIA,INSARED,,"Thursday, October 1, 2026","Thursday, October 1, 2026",,,,,,
,LAURA,1501,Oficina,AQUITANIA,Aquitania,Boyacá,ORIENTE,GESTIONATECH,,"Monday, September 21, 2026","Tuesday, September 22, 2026",,,,,,
,LAURA,1502,Oficina,ARCABUCO,Arcabuco,Boyacá,ORIENTE,GESTIONATECH,,"Monday, September 21, 2026","Tuesday, September 22, 2026",,,,,,
,SANTIAGO,1503,Oficina,TUNJA,Tunja,Boyacá,ORIENTE,REGIONAL,,"Tuesday, October 6, 2026","Friday, October 16, 2026",,,,,,
,LAURA,1504,Oficina,BELEN,Belén,Boyacá,ORIENTE,GESTIONATECH,,"Wednesday, September 2, 2026","Thursday, September 3, 2026",,,,,,
,LAURA,1505,Oficina,PAZ DE RIO,Paz de Río,Boyacá,ORIENTE,GESTIONATECH,,"Thursday, September 10, 2026","Friday, September 11, 2026",,,,,,
,SANTIAGO,1506,Oficina,BOAVITA,Boavita,Boyacá,ORIENTE,GESTIONATECH,,"Tuesday, September 1, 2026","Wednesday, September 2, 2026",En proceso,OK,OK,,,
,LAURA,1507,Oficina,DUITAMA,Duitama,Boyacá,ORIENTE,GESTIONATECH,,"Thursday, September 24, 2026","Friday, September 25, 2026",,,,,,
,LAURA,1509,Oficina,CAMPOHERMOSO,Campohermoso,Boyacá,ORIENTE,GESTIONATECH,,"Wednesday, September 9, 2026","Thursday, September 10, 2026",,,,,,
,LAURA,1510,Oficina,CUBARA,Cubará,Boyacá,BOGOTA,GESTIONATECH,,"Monday, September 28, 2026","Tuesday, September 29, 2026",,,,,,
,LAURA,1511,Oficina,PAIPA,Paipa,Boyacá,ORIENTE,GESTIONATECH,,"Friday, September 25, 2026","Friday, September 25, 2026",,,,,,
,LAURA,1512,Oficina,CHINAVITA,Chinavita,Boyacá,ORIENTE,GESTIONATECH,,"Tuesday, September 8, 2026","Wednesday, September 9, 2026",,,,,,
,LAURA,1514,Oficina,CHISCAS,Chiscas,Boyacá,ORIENTE,GESTIONATECH,,"Thursday, September 3, 2026","Friday, September 4, 2026",,,,,,
,LAURA,1515,Oficina,CHIVOR,Chivor,Boyacá,ORIENTE,GESTIONATECH,,"Friday, September 4, 2026","Friday, September 4, 2026",,,,,,
,LAURA,1516,Oficina,SOGAMOSO,Sogamoso,Boyacá,ORIENTE,GESTIONATECH,,"Thursday, September 24, 2026","Friday, September 25, 2026",,,,,,
,LAURA,1518,Oficina,CHITA,Chita,Boyacá,ORIENTE,GESTIONATECH,,"Thursday, September 10, 2026","Friday, September 11, 2026",,,,,,
,LAURA,1520,Oficina,CHITARAQUE,Chitaraque,Boyacá,ORIENTE,GESTIONATECH,,"Thursday, September 17, 2026","Friday, September 18, 2026",,,,,,
,LAURA,1522,Oficina,COVARACHIA,Covarachía,Boyacá,ORIENTE,GESTIONATECH,,"Wednesday, September 2, 2026","Thursday, September 3, 2026",,,,,,
,LAURA,1524,Oficina,EL COCUY,El Cocuy,Boyacá,ORIENTE,GESTIONATECH,,"Wednesday, September 2, 2026","Thursday, September 3, 2026",,,,,,
,LAURA,1526,Oficina,EL ESPINO,El Espino,Boyacá,ORIENTE,GESTIONATECH,,"Thursday, September 3, 2026","Friday, September 4, 2026",,,,,,
,LAURA,1528,Oficina,GACHANTIVA,Gachantivá,Boyacá,ORIENTE,GESTIONATECH,,"Tuesday, September 22, 2026","Wednesday, September 23, 2026",,,,,,
,LAURA,1530,Oficina,CHIQUINQUIRA,Chiquinquirá,Boyacá,ORIENTE,GESTIONATECH,,"Tuesday, September 15, 2026","Thursday, September 17, 2026",,,,,,
,LAURA,1532,Oficina,GAMEZA,Gameza,Boyacá,ORIENTE,GESTIONATECH,,"Monday, September 21, 2026","Tuesday, September 22, 2026",,,,,,
,LAURA,1534,Oficina,GARAGOA,Garagoa,Boyacá,ORIENTE,GESTIONATECH,,"Monday, September 7, 2026","Tuesday, September 8, 2026",,,,,,
,LAURA,1535,Oficina,JENESANO,Jenesano,Boyacá,ORIENTE,GESTIONATECH,,"Wednesday, September 9, 2026","Thursday, September 10, 2026",,,,,,
,LAURA,1536,Oficina,GUATEQUE,Guateque,Boyacá,ORIENTE,GESTIONATECH,,"Monday, September 7, 2026","Tuesday, September 8, 2026",,,,,,
,LAURA,1538,Oficina,GUAYATA,Guayatá,Boyacá,ORIENTE,GESTIONATECH,,"Friday, September 4, 2026","Friday, September 4, 2026",,,,,,
,LAURA,1540,Oficina,GUICAN,Güicán,Boyacá,ORIENTE,GESTIONATECH,,"Thursday, September 3, 2026","Friday, September 4, 2026",,,,,,
,LAURA,1542,Oficina,LABRANZAGRANDE,Labranzagrande,Boyacá,ORIENTE,GESTIONATECH,,"Tuesday, September 22, 2026","Wednesday, September 23, 2026",,,,,,
,SANTIAGO,1544,Oficina,LA UVITA,La Uvita,Boyacá,ORIENTE,ALIADO NATURAL,,"Tuesday, September 1, 2026","Wednesday, September 2, 2026",En proceso,OK,OK,,1/092026,
,LAURA,1545,Oficina,MUZO,Muzo,Boyacá,ORIENTE,GESTIONATECH,,"Monday, September 14, 2026","Tuesday, September 15, 2026",,,,,,
,LAURA,1546,Oficina,VILLA DE LEYVA,Villa De Leyva,Boyacá,ORIENTE,GESTIONATECH,,"Tuesday, September 15, 2026","Wednesday, September 16, 2026",,,,,,
,LAURA,1547,Oficina,NUEVO COLON,Nuevo Colón,Boyacá,ORIENTE,GESTIONATECH,,"Wednesday, September 23, 2026","Thursday, September 24, 2026",,,,,,
,LAURA,1548,Oficina,MACANAL,Macanal,Boyacá,ORIENTE,GESTIONATECH,,"Friday, September 4, 2026","Friday, September 4, 2026",,,,,,
,LAURA,1550,Oficina,MIRAFLORES,Miraflores,Boyacá,ORIENTE,GESTIONATECH,,"Wednesday, September 9, 2026","Thursday, September 10, 2026",,,,,,
,LAURA,1551,Oficina,MONIQUIRA,Moniquirá,Boyacá,ORIENTE,GESTIONATECH,,"Thursday, September 17, 2026","Friday, September 18, 2026",,,,,,
,LAURA,1552,Oficina,OTANCHE,Otanche,Boyacá,ORIENTE,GESTIONATECH,,"Monday, September 14, 2026","Tuesday, September 15, 2026",,,,,,
,LAURA,1553,Oficina,PAEZ,Páez,Boyacá,ORIENTE,GESTIONATECH,,"Thursday, September 10, 2026","Friday, September 11, 2026",,,,,,
,LAURA,1554,Oficina,PAJARITO,Pajarito,Boyacá,ORIENTE,GESTIONATECH,,"Thursday, September 24, 2026","Friday, September 25, 2026",,,,,,
,LAURA,1555,Oficina,PAUNA,Pauna,Boyacá,ORIENTE,GESTIONATECH,,"Monday, September 14, 2026","Tuesday, September 15, 2026",,,,,,
,LAURA,1556,Oficina,PESCA,Pesca,Boyacá,ORIENTE,GESTIONATECH,,"Monday, September 21, 2026","Tuesday, September 22, 2026",,,,,,
,LAURA,1560,Oficina,PUERTO BOYACA,Puerto Boyacá,Boyacá,ORIENTE,GESTIONATECH,,"Monday, October 19, 2026","Friday, October 23, 2026",,,,,,
,LAURA,1563,Oficina,RAMIRIQUI,Ramiriquí,Boyacá,ORIENTE,GESTIONATECH,,"Wednesday, September 9, 2026","Thursday, September 10, 2026",,,,,,
,LAURA,1567,Oficina,SABOYA,Saboyá,Boyacá,ORIENTE,GESTIONATECH,,"Monday, September 14, 2026","Tuesday, September 15, 2026",,,,,,
,LAURA,1568,Oficina,SAMACA,Samacá,Boyacá,ORIENTE,GESTIONATECH,,"Thursday, September 17, 2026","Friday, September 18, 2026",,,,,,
,LAURA,1569,Oficina,SAN JOSE DE PARE,San José De Pare,Boyacá,ORIENTE,GESTIONATECH,,"Thursday, September 17, 2026","Friday, September 18, 2026",,,,,,
,LAURA,1570,Oficina,SAN LUIS DE GACENO,San Luis De Gaceno,Boyacá,ORIENTE,GESTIONATECH,,"Friday, September 4, 2026","Friday, September 4, 2026",,,,,,
,LAURA,1571,Oficina,SAN MATEO,San Mateo,Boyacá,ORIENTE,GESTIONATECH,,"Thursday, September 3, 2026","Friday, September 4, 2026",,,,,,
,LAURA,1572,Oficina,SANTANA,Santana,Boyacá,ORIENTE,GESTIONATECH,,"Friday, September 18, 2026","Friday, September 18, 2026",,,,,,
,LAURA,1573,Oficina,SANTA ROSA DE VITERBO,Santa Rosa De Viterbo,Boyacá,ORIENTE,GESTIONATECH,,"Friday, September 4, 2026","Friday, September 4, 2026",,,,,,
,LAURA,1574,Oficina,SANTA SOFIA,Santa Sofía,Boyacá,ORIENTE,GESTIONATECH,,"Tuesday, September 15, 2026","Wednesday, September 16, 2026",,,,,,
,LAURA,1575,Oficina,SATIVANORTE,Sativanorte,Boyacá,ORIENTE,GESTIONATECH,,"Friday, September 18, 2026","Friday, September 18, 2026",,,,,,
,LAURA,1576,Oficina,SOATA,Soatá,Boyacá,ORIENTE,GESTIONATECH,,"Wednesday, September 2, 2026","Friday, September 4, 2026",,,,,,
,LAURA,1577,Oficina,SOCOTA,Socotá,Boyacá,ORIENTE,GESTIONATECH,,"Thursday, September 10, 2026","Friday, September 11, 2026",,,,,,
,LAURA,1578,Oficina,SOCHA,Socha,Boyacá,ORIENTE,GESTIONATECH,,"Thursday, September 10, 2026","Friday, September 11, 2026",,,,,,
,LAURA,1579,Oficina,SOMONDOCO,Somondoco,Boyacá,ORIENTE,GESTIONATECH,,"Monday, September 7, 2026","Tuesday, September 8, 2026",,,,,,
,LAURA,1580,Oficina,SOTAQUIRA,Sotaquirá,Boyacá,ORIENTE,GESTIONATECH,,"Wednesday, September 23, 2026","Thursday, September 24, 2026",,,,,,
,SANTIAGO,1582,Oficina,SUSACON,Susacón,Boyacá,ORIENTE,GESTIONATECH,,"Tuesday, September 1, 2026","Wednesday, September 2, 2026",En proceso,,,,,
,LAURA,1583,Oficina,SUTAMARCHAN,Sutamarchán,Boyacá,ORIENTE,GESTIONATECH,,"Tuesday, September 15, 2026","Wednesday, September 16, 2026",,,,,,
,LAURA,1584,Oficina,TENZA,Tenza,Boyacá,ORIENTE,GESTIONATECH,,"Monday, September 7, 2026","Tuesday, September 8, 2026",,,,,,
,LAURA,1585,Oficina,TIBANA,Tibaná,Boyacá,ORIENTE,GESTIONATECH,,"Tuesday, September 8, 2026","Wednesday, September 9, 2026",,,,,,
,SANTIAGO,1586,Oficina,TIPACOQUE,Tipacoque,Boyacá,ORIENTE,GESTIONATECH,,"Tuesday, September 1, 2026","Wednesday, September 2, 2026",En proceso,,,,,
,LAURA,1587,Oficina,TOCA,Toca,Boyacá,ORIENTE,GESTIONATECH,,"Wednesday, September 23, 2026","Thursday, September 24, 2026",,,,,,
,LAURA,1588,Oficina,TOGUI,Togüí,Boyacá,ORIENTE,GESTIONATECH,,"Friday, September 18, 2026","Friday, September 18, 2026",,,,,,
,LAURA,1589,Oficina,TURMEQUE,Turmequé,Boyacá,ORIENTE,GESTIONATECH,,"Tuesday, September 22, 2026","Wednesday, September 23, 2026",,,,,,
,LAURA,1590,Oficina,TUTA,Tuta,Boyacá,ORIENTE,GESTIONATECH,,"Wednesday, September 23, 2026","Thursday, September 24, 2026",,,,,,
,LAURA,1592,Oficina,UMBITA,Umbita,Boyacá,ORIENTE,GESTIONATECH,,"Tuesday, September 22, 2026","Wednesday, September 23, 2026",,,,,,
,LAURA,1593,Oficina,VENTAQUEMADA,Ventaquemada,Boyacá,ORIENTE,GESTIONATECH,,"Thursday, September 24, 2026","Friday, September 25, 2026",,,,,,
,LAURA,1595,Oficina,ZETAQUIRA,Zetaquira,Boyacá,ORIENTE,GESTIONATECH,,"Friday, September 11, 2026","Friday, September 11, 2026",,,,,,
,SANTIAGO,1601,Oficina,BARRANQUILLA ( PRINCIPAL ),Barranquilla,Atlántico,COSTA,REGIONAL,,"Tuesday, October 6, 2026","Friday, October 16, 2026",,,,,,
,LAURA,1610,Oficina,BARRANQUILLA PRADO,Barranquilla,Atlántico,COSTA,GESTIONATECH,,"Thursday, October 1, 2026","Friday, October 2, 2026",,,,,,
,LAURA,1620,Oficina,SABANALARGA,Sabanalarga,Atlántico,COSTA,GESTIONATECH,,"Monday, October 5, 2026","Monday, October 5, 2026",,,,,,
,LAURA,1622,Oficina,BARANOA,Baranoa,Atlántico,COSTA,GESTIONATECH,,"Friday, September 11, 2026","Friday, September 11, 2026",,,,,,
,LAURA,1626,Oficina,CAMPO DE LA CRUZ,Campo De La Cruz,Atlántico,COSTA,GESTIONATECH,,"Tuesday, September 22, 2026","Tuesday, September 22, 2026",,,,,,
,LAURA,1630,Oficina,LURUACO,Luruaco,Atlántico,COSTA,GESTIONATECH,,"Thursday, October 8, 2026","Thursday, October 8, 2026",,,,,,
,LAURA,1634,Oficina,MANATI,Manatí,Atlántico,COSTA,GESTIONATECH,,"Friday, September 4, 2026","Friday, September 4, 2026",,,,,,
,LAURA,1636,Oficina,REPELON,Repelón,Atlántico,COSTA,GESTIONATECH,,"Wednesday, September 23, 2026","Wednesday, September 23, 2026",,,,,,
,LAURA,1648,Oficina,JUAN DE ACOSTA,Juan De Acosta,Atlántico,COSTA,GESTIONATECH,,"Thursday, September 10, 2026","Thursday, September 10, 2026",,,,,,
,LAURA,1652,Oficina,PUERTO COLOMBIA,Puerto Colombia,Atlántico,COSTA,GESTIONATECH,,"Wednesday, October 7, 2026","Wednesday, October 7, 2026",,,,,,
,LAURA,1654,Oficina,CANDELARIA,Candelaria,Atlántico,COSTA,GESTIONATECH,,"Monday, September 21, 2026","Monday, September 21, 2026",,,,,,
,LAURA,1660,Oficina,SANTO TOMAS,Santo Tomás,Atlántico,COSTA,GESTIONATECH,,"Tuesday, October 6, 2026","Tuesday, October 6, 2026",,,,,,
,LAURA,1801,Oficina,AGUADAS,Aguadas,Caldas,CAFETERA,GESTIONATECH,,"Tuesday, September 15, 2026","Wednesday, September 16, 2026",,,,,,
,SANTIAGO,1803,Oficina,MANIZALES,Manizales,Caldas,CAFETERA,REGIONAL,OFICINA CERRADA,"Tuesday, October 6, 2026","Friday, October 16, 2026",,,,,,
,LAURA,1812,Oficina,NEIRA,Neira,Caldas,CAFETERA,GESTIONATECH,,"Tuesday, September 22, 2026","Wednesday, September 23, 2026",,,,,,
,LAURA,1820,Oficina,BELALCAZAR,Belalcázar,Caldas,CAFETERA,GESTIONATECH,OFICINA CERRADA,"Tuesday, November 10, 2026","Wednesday, November 11, 2026",,,,,,
,LAURA,1822,Oficina,BOLIVIA (Corregimiento de l municipio de Pensilvania - Caldas),Pensilvania,Caldas,CAFETERA,GESTIONATECH,,"Thursday, October 29, 2026","Friday, October 30, 2026",,,,,,
,LAURA,1825,Oficina,ANSERMA,Anserma,Caldas,CAFETERA,GESTIONATECH,,"Tuesday, September 29, 2026","Wednesday, September 30, 2026",,,,,,
,LAURA,1830,Oficina,SALAMINA,Salamina,Caldas,CAFETERA,GESTIONATECH,,"Thursday, September 17, 2026","Friday, September 18, 2026",,,,,,
,LAURA,1832,Oficina,MARMATO,Marmato,Caldas,CAFETERA,GESTIONATECH,,"Thursday, September 24, 2026","Friday, September 25, 2026",,,,,,
,LAURA,1833,Oficina,MARQUETALIA,Marquetalia,Caldas,CAFETERA,GESTIONATECH,,"Tuesday, October 27, 2026","Wednesday, October 28, 2026",,,,,,
,LAURA,1834,Oficina,MARULANDA,Marulanda,Caldas,CAFETERA,GESTIONATECH,,"Thursday, September 17, 2026","Friday, September 18, 2026",,,,,,
,LAURA,1835,Oficina,RIOSUCIO,Riosucio,Caldas,CAFETERA,GESTIONATECH,,"Tuesday, September 29, 2026","Wednesday, September 30, 2026",,,,,,
,LAURA,1840,Oficina,PALESTINA-CALDAS,Palestina,Caldas,CAFETERA,GESTIONATECH,,"Thursday, October 8, 2026","Friday, October 9, 2026",,,,,,
,LAURA,1846,Oficina,LA MERCED,La Merced,Caldas,CAFETERA,GESTIONATECH,,"Thursday, September 24, 2026","Friday, September 25, 2026",,,,,,
,LAURA,1850,Oficina,ARANZAZU,Aranzazu,Caldas,CAFETERA,GESTIONATECH,OFICINA CERRADA,"Friday, November 6, 2026","Friday, November 6, 2026",,,,,,
,LAURA,1853,Oficina,SAMANA,Samaná,Caldas,CAFETERA,GESTIONATECH,,"Thursday, October 22, 2026","Friday, October 23, 2026",,,,,,
,LAURA,1855,Oficina,VITERBO,Viterbo,Caldas,CAFETERA,GESTIONATECH,,"Tuesday, October 6, 2026","Wednesday, October 7, 2026",,,,,,
,LAURA,1860,Oficina,PACORA,Pácora,Caldas,CAFETERA,GESTIONATECH,,"Tuesday, September 15, 2026","Wednesday, September 16, 2026",,,,,,
,LAURA,1861,Oficina,NORCASIA,Norcasia,Caldas,CAFETERA,GESTIONATECH,,"Wednesday, October 14, 2026","Wednesday, October 14, 2026",,,,,,
,LAURA,1862,Oficina,RISARALDA,Risaralda,Caldas,CAFETERA,GESTIONATECH,,"Thursday, October 1, 2026","Friday, October 2, 2026",,,,,,
,LAURA,1865,Oficina,VICTORIA,Victoria,Caldas,CAFETERA,GESTIONATECH,,"Tuesday, October 20, 2026","Wednesday, October 21, 2026",,,,,,
,LAURA,1870,Oficina,SAN JOSÉ,San José,Caldas,CAFETERA,GESTIONATECH,,"Thursday, October 1, 2026","Friday, October 2, 2026",,,,,,
,HEIDY,2101,Oficina,EL TAMBO,El Tambo,Cauca,OCCIDENTE,INSARED,,"Wednesday, September 23, 2026","Wednesday, September 23, 2026",,,,,,
,HEIDY,2102,Oficina,EL BORDO,Patía,Cauca,OCCIDENTE,INSARED,,"Wednesday, October 7, 2026","Wednesday, October 7, 2026",,,,,,
,HEIDY,2103,Oficina,BALBOA,Balboa,Cauca,OCCIDENTE,INSARED,,"Friday, September 25, 2026","Friday, September 25, 2026",,,,,,
,HEIDY,2104,Oficina,BOLIVAR,Bolívar,Cauca,OCCIDENTE,INSARED,,"Friday, October 9, 2026","Friday, October 9, 2026",,,,,,
,HEIDY,2105,Oficina,CAJIBIO,Cajibío,Cauca,OCCIDENTE,INSARED,,"Thursday, October 15, 2026","Thursday, October 15, 2026",,,,,,
,HEIDY,2106,Oficina,MORALES,Morales,Cauca,OCCIDENTE,INSARED,,"Friday, October 16, 2026","Friday, October 16, 2026",,,,,,
,HEIDY,2107,Oficina,TOTORO,Totoró,Cauca,OCCIDENTE,INSARED,,"Thursday, October 1, 2026","Thursday, October 1, 2026",,,,,,
,HEIDY,2108,Oficina,ROSAS,Rosas,Cauca,OCCIDENTE,INSARED,,"Tuesday, October 6, 2026","Tuesday, October 6, 2026",,,,,,
,HEIDY,2109,Oficina,LA SIERRA,La Sierra,Cauca,OCCIDENTE,INSARED,,"Tuesday, October 6, 2026","Tuesday, October 6, 2026",,,,,,
,HEIDY,2110,Oficina,CALDONO,Caldono,Cauca,OCCIDENTE,INSARED,,"Wednesday, October 14, 2026","Wednesday, October 14, 2026",,,,,,
,HEIDY,2111,Oficina,SUAREZ,Suárez,Cauca,OCCIDENTE,INSARED,,"Thursday, September 17, 2026","Thursday, September 17, 2026",,,,,,
,HEIDY,2112,Oficina,MIRANDA,Miranda,Cauca,OCCIDENTE,INSARED,,"Monday, September 14, 2026","Monday, September 14, 2026",,,,,,
,HEIDY,2114,Oficina,CORINTO,Corinto,Cauca,OCCIDENTE,INSARED,,"Tuesday, October 13, 2026","Tuesday, October 13, 2026",,,,,,
,HEIDY,2115,Oficina,ARGELIA,Argelia,Cauca,OCCIDENTE,INSARED,,"Friday, September 25, 2026","Friday, September 25, 2026",,,,,,
,HEIDY,2116,Oficina,MERCADERES,Mercaderes,Cauca,OCCIDENTE,INSARED,,"Thursday, October 8, 2026","Thursday, October 8, 2026",,,,,,
,HEIDY,2118,Oficina,CALOTO,Caloto,Cauca,OCCIDENTE,INSARED,,"Tuesday, September 15, 2026","Tuesday, September 15, 2026",,,,,,
,HEIDY,2120,Oficina,INZA,Inzá,Cauca,SUR,INSARED,,"Wednesday, September 30, 2026","Wednesday, September 30, 2026",,,,,,
,HEIDY,2125,Oficina,GUAPI,Guapi,Cauca,OCCIDENTE,INSARED,,"Tuesday, October 20, 2026","Tuesday, October 20, 2026",,,,,,
,HEIDY,2126,Oficina,PADILLA,Padilla,Cauca,OCCIDENTE,INSARED,,"Monday, September 14, 2026","Monday, September 14, 2026",,,,,,
,HEIDY,2128,Oficina,BUENOS AIRES,Buenos Aires,Cauca,OCCIDENTE,INSARED,,"Tuesday, September 29, 2026","Tuesday, September 29, 2026",,,,,,
,HEIDY,2132,Oficina,JAMBALO,Jambaló,Cauca,OCCIDENTE,INSARED,,"Monday, September 21, 2026","Monday, September 21, 2026",,,,,,
,HEIDY,2134,Oficina,PAISPAMBA SOTARA,Sotara,Cauca,OCCIDENTE,INSARED,,"Tuesday, September 8, 2026","Tuesday, September 8, 2026",,,,,,
,HEIDY,2139,Oficina,LOPEZ DE MICAY,López,Cauca,OCCIDENTE,INSARED,,"Thursday, October 15, 2026","Thursday, October 15, 2026",,,,,,
,HEIDY,2140,Oficina,PAEZ BELALCAZAR,Paez,Cauca,SUR,INSARED,,"Wednesday, September 30, 2026","Wednesday, September 30, 2026",,,,,,
,HEIDY,2165,Oficina,SAN SEBASTIAN,San Sebastián,Cauca,OCCIDENTE,INSARED,,"Friday, September 11, 2026","Friday, September 11, 2026",,,,,,
,HEIDY,2171,Oficina,ALMAGUER,Almaguer,Cauca,OCCIDENTE,INSARED,,"Thursday, September 10, 2026","Thursday, September 10, 2026",,,,,,
,HEIDY,2172,Oficina,LA VEGA,La Vega,Cauca,OCCIDENTE,INSARED,,"Thursday, September 10, 2026","Thursday, September 10, 2026",,,,,,
,HEIDY,2174,Oficina,PURACE,Puracé,Cauca,OCCIDENTE,INSARED,,"Monday, October 5, 2026","Monday, October 5, 2026",,,,,,
,HEIDY,2175,Oficina,TORIBIO,Toribio,CAUCA,OCCIDENTE,INSARED,,"Wednesday, September 16, 2026","Wednesday, September 16, 2026",,,,,,
,HEIDY,2180,Oficina,TIMBIQUI,Timbiquí,Cauca,OCCIDENTE,INSARED,,"Tuesday, October 27, 2026","Tuesday, October 27, 2026",,,,,,
,LAURA,2401,Oficina,AGUACHICA,Aguachica,Cesar,SANTANDERES,GESTIONATECH,,"Thursday, September 3, 2026","Thursday, September 3, 2026",,,,,,
,LAURA,2402,Oficina,ASTREA,Astrea,Cesar,COSTA,GESTIONATECH,,"Thursday, October 1, 2026","Thursday, October 1, 2026",,,,,,
,SANTIAGO,2403,Oficina,VALLEDUPAR,Valledupar,Cesar,COSTA,REGIONAL,,"Tuesday, October 6, 2026","Friday, October 16, 2026",,,,,,
,LAURA,2405,Oficina,BECERRIL,Becerril,Cesar,COSTA,GESTIONATECH,,"Friday, September 11, 2026","Friday, September 11, 2026",,,,,,
,LAURA,2408,Oficina,CODAZZI,Agustín Codazzi,Cesar,COSTA,GESTIONATECH,,"Thursday, September 10, 2026","Thursday, September 10, 2026",,,,,,
,LAURA,2410,Oficina,VALLEDUPAR - CDV,Valledupar,Cesar,COSTA,GESTIONATECH,,"Monday, September 14, 2026","Monday, September 14, 2026",,,,,,
,LAURA,2412,Oficina,LA PAZ ROBLES,La Paz,Cesar,COSTA,GESTIONATECH,,"Tuesday, September 8, 2026","Tuesday, September 8, 2026",,,,,,
,LAURA,2413,Oficina,FONSECA,Fonseca,La Guajira,COSTA,GESTIONATECH,,"Wednesday, September 2, 2026","Wednesday, September 2, 2026",,,,,,
,LAURA,2414,Oficina,BOSCONIA,Bosconia,Cesar,COSTA,GESTIONATECH,,"Friday, September 4, 2026","Friday, September 4, 2026",,,,,,
,LAURA,2416,Oficina,CHIMICHAGUA,Chimichagua,Cesar,COSTA,GESTIONATECH,,"Friday, October 2, 2026","Friday, October 2, 2026",,,,,,
,LAURA,2420,Oficina,MANAURE,Manaure,Cesar,COSTA,GESTIONATECH,,"Wednesday, September 9, 2026","Wednesday, September 9, 2026",,,,,,
,LAURA,2422,Oficina,CHIRIGUANA,Chiriguaná,Cesar,COSTA,GESTIONATECH,,"Wednesday, September 16, 2026","Wednesday, September 16, 2026",,,,,,
,LAURA,2427,Oficina,EL COPEY,El Copey,Cesar,COSTA,GESTIONATECH,,"Thursday, September 3, 2026","Thursday, September 3, 2026",,,,,,
,LAURA,2435,Oficina,SAN ALBERTO,San Alberto,Cesar,SANTANDERES,GESTIONATECH,,"Thursday, September 24, 2026","Thursday, September 24, 2026",,,,,,
,LAURA,2437,Oficina,LA GLORIA,La Gloria,Cesar,COSTA,GESTIONATECH,,"Monday, September 21, 2026","Monday, September 21, 2026",,,,,,
,LAURA,2440,Oficina,SAN DIEGO,San Diego,Cesar,COSTA,GESTIONATECH,,"Monday, September 7, 2026","Monday, September 7, 2026",,,,,,
,LAURA,2442,Oficina,LA JAGUA DE IBIRICO,La Jagua De Ibirico,Cesar,COSTA,GESTIONATECH,,"Friday, September 18, 2026","Friday, September 18, 2026",,,,,,
,LAURA,2445,Oficina,PUEBLO BELLO,PUEBLO BELLO,Cesar,COSTA,GESTIONATECH,,"Friday, September 11, 2026","Friday, September 11, 2026",,,,,,
,LAURA,2455,Oficina,PAILITAS - CESAR,Pailitas,Cesar,COSTA,GESTIONATECH,,"Monday, September 7, 2026","Monday, September 7, 2026",,,,,,
,LAURA,2460,Oficina,PELAYA,Pelaya,Cesar,COSTA,GESTIONATECH,,"Friday, September 18, 2026","Friday, September 18, 2026",,,,,,
,LAURA,2465,Oficina,RIO DE ORO,Río De Oro,Cesar,SANTANDERES,GESTIONATECH,,"Friday, September 18, 2026","Friday, September 18, 2026",,,,,,
,LAURA,2470,Oficina,TAMALAMEQUE,Tamalameque,Cesar,COSTA,GESTIONATECH,,"Friday, September 4, 2026","Friday, September 4, 2026",,,,,,
,LAURA,2701,Oficina,AYAPEL,Ayapel,Córdoba,ANTIOQUIA,GESTIONATECH,,"Monday, September 14, 2026","Monday, September 14, 2026",,,,,,
,SANTIAGO,2703,Oficina,MONTERIA,Montería,Córdoba,COSTA,REGIONAL,,"Tuesday, October 6, 2026","Friday, October 16, 2026",,,,,,
,LAURA,2712,Oficina,BUENAVISTA,Buenavista,Córdoba,ANTIOQUIA,GESTIONATECH,,"Tuesday, September 1, 2026","Tuesday, September 1, 2026",Finalizada,OK,OK,,1/092026,1/092026
,LAURA,2715,Oficina,CERETE,Cereté,Córdoba,COSTA,GESTIONATECH,,"Thursday, September 10, 2026","Thursday, September 10, 2026",,,,,,
,LAURA,2717,Oficina,CANALETE,Canalete,Córdoba,COSTA,GESTIONATECH,,"Monday, September 21, 2026","Monday, September 21, 2026",,,,,,
,LAURA,2719,Oficina,CIENAGA DE ORO,Ciénaga De Oro,Córdoba,COSTA,GESTIONATECH,,"Monday, September 7, 2026","Monday, September 7, 2026",,,,,,
,LAURA,2721,Oficina,CHIMA,Chimá,Córdoba,COSTA,GESTIONATECH,,"Thursday, September 10, 2026","Thursday, September 10, 2026",,,,,,
,LAURA,2730,Oficina,SAN CARLOS,San Carlos,Córdoba,COSTA,GESTIONATECH,,"Wednesday, September 9, 2026","Wednesday, September 9, 2026",,,,,,
,LAURA,2745,Oficina,LORICA,Lorica,Córdoba,COSTA,GESTIONATECH,,"Wednesday, September 2, 2026","Wednesday, September 2, 2026",,,,,,
,LAURA,2747,Oficina,LOS CORDOBAS,Los Córdobas,Córdoba,COSTA,GESTIONATECH,,"Tuesday, September 22, 2026","Tuesday, September 22, 2026",,,,,,
,LAURA,2750,Oficina,MOMIL,Momil,Córdoba,COSTA,GESTIONATECH,,"Wednesday, September 9, 2026","Wednesday, September 9, 2026",,,,,,
,LAURA,2752,Oficina,MONTELIBANO,Montelíbano,Córdoba,ANTIOQUIA,GESTIONATECH,,"Tuesday, September 15, 2026","Tuesday, September 15, 2026",,,,,,
,LAURA,2754,Oficina,MOÑITOS,Moñitos,Córdoba,COSTA,GESTIONATECH,,"Tuesday, September 8, 2026","Tuesday, September 8, 2026",,,,,,
,LAURA,2757,Oficina,SAN BERNARDO DEL VIENTO,San Bernardo Del Viento,Córdoba,COSTA,GESTIONATECH,,"Thursday, September 24, 2026","Thursday, September 24, 2026",,,,,,
,LAURA,2765,Oficina,PLANETA RICA,Planeta Rica,Córdoba,ANTIOQUIA,GESTIONATECH,,"Wednesday, September 2, 2026","Wednesday, September 2, 2026",,,,,,
,LAURA,2767,Oficina,PUEBLO NUEVO,Pueblo Nuevo,Córdoba,ANTIOQUIA,GESTIONATECH,,"Thursday, September 3, 2026","Thursday, September 3, 2026",,,,,,
,LAURA,2769,Oficina,PUERTO ESCONDIDO,Puerto Escondido,Córdoba,COSTA,GESTIONATECH,,"Wednesday, September 23, 2026","Wednesday, September 23, 2026",,,,,,
,LAURA,2770,Oficina,SAHAGUN,Sahagún,Córdoba,COSTA,GESTIONATECH,,"Monday, September 28, 2026","Monday, September 28, 2026",,,,,,
,LAURA,2771,Oficina,PUERTO LIBERTADOR,Puerto Libertador,Córdoba,ANTIOQUIA,GESTIONATECH,,"Wednesday, September 16, 2026","Wednesday, September 16, 2026",,,,,,
,LAURA,2772,Oficina,SAN PELAYO,San Pelayo,Córdoba,COSTA,GESTIONATECH,,"Tuesday, September 8, 2026","Tuesday, September 8, 2026",,,,,,
,LAURA,2773,Oficina,PURISIMA,Purísima,Córdoba,COSTA,GESTIONATECH,,"Friday, September 25, 2026","Friday, September 25, 2026",,,,,,
,LAURA,2775,Oficina,SAN ANDRES DE SOTAVENTO,San Andrés De Sotavento,Córdoba,COSTA,GESTIONATECH,,"Thursday, September 24, 2026","Thursday, September 24, 2026",,,,,,
,LAURA,2777,Oficina,SAN ANTERO,San Antero,Córdoba,COSTA,GESTIONATECH,,"Tuesday, September 1, 2026","Tuesday, September 1, 2026",En proceso,OK,,,1/092026,
,LAURA,2780,Oficina,TIERRALTA,Tierralta,Córdoba,COSTA,GESTIONATECH,,"Thursday, September 17, 2026","Thursday, September 17, 2026",,,,,,
,LAURA,2786,Oficina,VALENCIA,Valencia,Córdoba,COSTA,GESTIONATECH,,"Friday, September 18, 2026","Friday, September 18, 2026",,,,,,
,LAURA,2790,Oficina,CHINU,Chinú,Córdoba,COSTA,GESTIONATECH,,"Friday, September 25, 2026","Friday, September 25, 2026",,,,,,
,LAURA,3101,Oficina,TENA,Tena,Cundinamarca,BOGOTA,GESTIONATECH,,"Thursday, October 1, 2026","Thursday, October 1, 2026",,,,,,
,LAURA,3105,Oficina,VILLAGOMEZ,Villagómez,Cundinamarca,BOGOTA,GESTIONATECH,,"Friday, September 11, 2026","Friday, September 11, 2026",,,,,,
,LAURA,3106,Oficina,ANAPOIMA,Anapoima,Cundinamarca,BOGOTA,GESTIONATECH,,"Friday, September 25, 2026","Friday, September 25, 2026",,,,,,
,LAURA,3107,Oficina,ANOLAIMA,Anolaima,Cundinamarca,BOGOTA,GESTIONATECH,,"Friday, October 2, 2026","Friday, October 2, 2026",,,,,,
,LAURA,3109,Oficina,APULO,Apulo,Cundinamarca,BOGOTA,GESTIONATECH,,"Thursday, September 24, 2026","Thursday, September 24, 2026",,,,,,
,LAURA,3110,Oficina,AGUA DE DIOS,Agua De Dios,Cundinamarca,BOGOTA,GESTIONATECH,,"Tuesday, September 22, 2026","Tuesday, September 22, 2026",,,,,,
,LAURA,3111,Oficina,CABRERA,Cabrera,Cundinamarca,BOGOTA,GESTIONATECH,,"Monday, September 21, 2026","Monday, September 21, 2026",,,,,,
,LAURA,3113,Oficina,ARBELAEZ,Arbeláez,Cundinamarca,BOGOTA,GESTIONATECH,,"Monday, September 28, 2026","Monday, September 28, 2026",,,,,,
,LAURA,3114,Oficina,CAQUEZA,Caqueza,Cundinamarca,BOGOTA,GESTIONATECH,,"Friday, September 18, 2026","Friday, September 18, 2026",,,,,,
,LAURA,3115,Oficina,CACHIPAY,Cachipay,Cundinamarca,BOGOTA,GESTIONATECH,,"Thursday, October 1, 2026","Thursday, October 1, 2026",,,,,,
,LAURA,3116,Oficina,CHOACHI,Choachí,Cundinamarca,BOGOTA,GESTIONATECH,,"Friday, September 11, 2026","Friday, September 11, 2026",,,,,,
,LAURA,3117,Oficina,CAPARRAPI,Caparrapí,Cundinamarca,BOGOTA,GESTIONATECH,,"Tuesday, September 22, 2026","Tuesday, September 22, 2026",,,,,,
,LAURA,3118,Oficina,CHOCONTA,Chocontá,Cundinamarca,BOGOTA,GESTIONATECH,,"Wednesday, September 9, 2026","Thursday, September 10, 2026",,,,,,
,LAURA,3120,Oficina,CHAGUANI,Chaguaní,Cundinamarca,BOGOTA,GESTIONATECH,,"Monday, September 28, 2026","Monday, September 28, 2026",,,,,,
,LAURA,3121,Oficina,VILLETA,Villeta,Cundinamarca,BOGOTA,GESTIONATECH,,"Monday, September 28, 2026","Monday, September 28, 2026",,,,,,
,LAURA,3122,Oficina,GIRARDOT,Girardot,Cundinamarca,BOGOTA,GESTIONATECH,,"Monday, September 21, 2026","Monday, September 21, 2026",,,,,,
,LAURA,3123,Oficina,GUAYABETAL,Guayabetal,Cundinamarca,BOGOTA,GESTIONATECH,,"Wednesday, September 16, 2026","Wednesday, September 16, 2026",,,,,,
,LAURA,3124,Oficina,EL COLEGIO,El Colegio,Cundinamarca,BOGOTA,GESTIONATECH,,"Monday, September 28, 2026","Monday, September 28, 2026",,,,,,
,LAURA,3126,Oficina,FOSCA,Fosca,Cundinamarca,BOGOTA,GESTIONATECH,,"Tuesday, September 8, 2026","Tuesday, September 8, 2026",,,,,,
,LAURA,3127,Oficina,CARMEN DE CARUPA,Carmen De Carupa,Cundinamarca,BOGOTA,GESTIONATECH,,"Wednesday, September 9, 2026","Wednesday, September 9, 2026",,,,,,
,LAURA,3130,Oficina,FOMEQUE,Fomeque,Cundinamarca,BOGOTA,GESTIONATECH,,"Thursday, September 10, 2026","Thursday, September 10, 2026",,,,,,
,LAURA,3133,Oficina,GUADUAS,Guaduas,Cundinamarca,BOGOTA,GESTIONATECH,,"Wednesday, September 23, 2026","Wednesday, September 23, 2026",,,,,,
,LAURA,3134,Oficina,GACHALA,Gachala,Cundinamarca,BOGOTA,GESTIONATECH,,"Monday, September 14, 2026","Monday, September 14, 2026",,,,,,
,LAURA,3135,Oficina,GACHETA,Gachetá,Cundinamarca,BOGOTA,GESTIONATECH,,"Wednesday, September 16, 2026","Wednesday, September 16, 2026",,,,,,
,LAURA,3136,Oficina,GUASCA,Guasca,Cundinamarca,BOGOTA,GESTIONATECH,,"Friday, September 18, 2026","Friday, September 18, 2026",,,,,,
,LAURA,3137,Oficina,GUATAVITA,Guatavita,Cundinamarca,BOGOTA,GESTIONATECH,,"Thursday, September 17, 2026","Thursday, September 17, 2026",,,,,,
,LAURA,3138,Oficina,GUAYABAL DE SIQUIMA,Guayabal De Siquima,Cundinamarca,BOGOTA,GESTIONATECH,,"Wednesday, September 30, 2026","Wednesday, September 30, 2026",,,,,,
,LAURA,3139,Oficina,GUTIERREZ,Gutiérrez,Cundinamarca,BOGOTA,GESTIONATECH,,"Monday, September 7, 2026","Monday, September 7, 2026",,,,,,
,LAURA,3140,Oficina,JUNIN ,Junín,Cundinamarca,BOGOTA,GESTIONATECH,,"Thursday, September 17, 2026","Thursday, September 17, 2026",,,,,,
,LAURA,3141,Oficina,LENGUAZAQUE,Lenguazaque,Cundinamarca,BOGOTA,GESTIONATECH,,"Monday, September 7, 2026","Monday, September 7, 2026",,,,,,
,LAURA,3142,Oficina,LA MESA,La Mesa,Cundinamarca,BOGOTA,GESTIONATECH,,"Tuesday, September 29, 2026","Tuesday, September 29, 2026",,,,,,
,LAURA,3143,Oficina,LA PALMA,La Palma,Cundinamarca,BOGOTA,GESTIONATECH,,"Monday, September 7, 2026","Monday, September 7, 2026",,,,,,
,LAURA,3144,Oficina,LA PEÑA,La Peña,Cundinamarca,BOGOTA,GESTIONATECH,,"Thursday, September 24, 2026","Thursday, September 24, 2026",,,,,,
,LAURA,3145,Oficina,LA VEGA,La Vega,Cundinamarca,BOGOTA,GESTIONATECH,,"Wednesday, September 23, 2026","Wednesday, September 23, 2026",,,,,,
,LAURA,3146,Oficina,MACHETA,Macheta,Cundinamarca,BOGOTA,GESTIONATECH,,"Tuesday, September 8, 2026","Tuesday, September 8, 2026",,,,,,
,LAURA,3147,Oficina,MANTA,Manta,Cundinamarca,BOGOTA,GESTIONATECH,,"Monday, September 7, 2026","Monday, September 7, 2026",,,,,,
,LAURA,3148,Oficina,MEDINA,Medina,Cundinamarca,BOGOTA,GESTIONATECH,,"Monday, September 14, 2026","Monday, September 14, 2026",,,,,,
,LAURA,3149,Oficina,NOCAIMA,Nocaima,Cundinamarca,BOGOTA,GESTIONATECH,,"Friday, September 25, 2026","Friday, September 25, 2026",,,,,,
,LAURA,3150,Oficina,VENECIA,Venecia,Cundinamarca,BOGOTA,GESTIONATECH,,"Tuesday, September 22, 2026","Tuesday, September 22, 2026",,,,,,
,LAURA,3152,Oficina,PAIME,Paime,Cundinamarca,BOGOTA,GESTIONATECH,,"Thursday, September 10, 2026","Thursday, September 10, 2026",,,,,,
,LAURA,3153,Oficina,PASCA,Pasca,Cundinamarca,BOGOTA,GESTIONATECH,,"Friday, September 25, 2026","Friday, September 25, 2026",,,,,,
,LAURA,3154,Oficina,QUETAME,Quetame,Cundinamarca,BOGOTA,GESTIONATECH,,"Thursday, September 17, 2026","Thursday, September 17, 2026",,,,,,
,LAURA,3155,Oficina,QUIPILE,Quipile,Cundinamarca,BOGOTA,GESTIONATECH,,"Wednesday, September 30, 2026","Wednesday, September 30, 2026",,,,,,
,LAURA,3156,Oficina,SAN BERNARDO,San Bernardo,Cundinamarca,BOGOTA,GESTIONATECH,,"Thursday, September 24, 2026","Thursday, September 24, 2026",,,,,,
,LAURA,3157,Oficina,SAN CAYETANO,San Cayetano,Cundinamarca,BOGOTA,GESTIONATECH,,"Tuesday, September 15, 2026","Tuesday, September 15, 2026",,,,,,
,LAURA,3158,Oficina,SAN FRANCISCO,San Francisco,Cundinamarca,BOGOTA,GESTIONATECH,,"Monday, September 21, 2026","Monday, September 21, 2026",,,,,,
,LAURA,3159,Oficina,SAN JUAN DE RIOSECO,San Juan De Río Seco,Cundinamarca,BOGOTA,GESTIONATECH,,"Tuesday, September 29, 2026","Tuesday, September 29, 2026",,,,,,
,LAURA,3160,Oficina,SUESCA,Suesca,Cundinamarca,BOGOTA,GESTIONATECH,,"Friday, September 18, 2026","Friday, September 18, 2026",,,,,,
,LAURA,3161,Oficina,SUPATA,Supatá,Cundinamarca,BOGOTA,GESTIONATECH,,"Tuesday, September 22, 2026","Tuesday, September 22, 2026",,,,,,
,LAURA,3162,Oficina,PANDI,Pandi,Cundinamarca,BOGOTA,GESTIONATECH,,"Wednesday, September 23, 2026","Wednesday, September 23, 2026",,,,,,
,LAURA,3163,Oficina,SILVANIA,Silvania,Cundinamarca,BOGOTA,GESTIONATECH,,"Wednesday, September 30, 2026","Wednesday, September 30, 2026",,,,,,
,LAURA,3164,Oficina,PUERTO SALGAR,Puerto Salgar,Cundinamarca,CAFETERA,GESTIONATECH,,"Monday, September 21, 2026","Monday, September 21, 2026",,,,,,
,LAURA,3165,Oficina,SIMIJACA,Simijaca,Cundinamarca,BOGOTA,GESTIONATECH,,"Friday, September 11, 2026","Friday, September 11, 2026",,,,,,
,LAURA,3166,Oficina,FUSAGASUGA,Fusagasugá,Cundinamarca,BOGOTA,GESTIONATECH,,"Tuesday, September 29, 2026","Tuesday, September 29, 2026",,,,,,
,LAURA,3167,Oficina,SASAIMA,Sasaima,Cundinamarca,BOGOTA,GESTIONATECH,,"Tuesday, September 29, 2026","Tuesday, September 29, 2026",,,,,,
,LAURA,3168,Oficina,SUSA,Susa,Cundinamarca,BOGOTA,GESTIONATECH,,"Thursday, September 10, 2026","Thursday, September 10, 2026",,,,,,
,LAURA,3172,Oficina,TOPAIPI,Topaipí,Cundinamarca,BOGOTA,GESTIONATECH,,"Wednesday, September 9, 2026","Wednesday, September 9, 2026",,,,,,
,LAURA,3174,Oficina,UBALA ,Ubalá,Cundinamarca,BOGOTA,GESTIONATECH,,"Tuesday, September 15, 2026","Tuesday, September 15, 2026",,,,,,
,LAURA,3176,Oficina,UTICA,Útica,Cundinamarca,BOGOTA,GESTIONATECH,,"Friday, September 25, 2026","Friday, September 25, 2026",,,,,,
,LAURA,3178,Oficina,VERGARA,Vergara,Cundinamarca,BOGOTA,GESTIONATECH,,"Thursday, September 24, 2026","Thursday, September 24, 2026",,,,,,
,LAURA,3180,Oficina,VILLAPINZON,Villapinzón,Cundinamarca,ORIENTE,GESTIONATECH,,"Thursday, September 10, 2026","Friday, September 11, 2026",,,,,,
,LAURA,3186,Oficina,VIOTA,Viotá,Cundinamarca,BOGOTA,GESTIONATECH,,"Wednesday, September 23, 2026","Wednesday, September 23, 2026",,,,,,
,LAURA,3190,Oficina,YACOPI,Yacopí,Cundinamarca,BOGOTA,GESTIONATECH,,"Tuesday, September 8, 2026","Tuesday, September 8, 2026",,,,,,
,LAURA,3192,Oficina,BOGOTA - GOBERNACION DE CUND.,"Bogotá, D.C.",Bogotá D.C,BOGOTA,GESTIONATECH,,"Wednesday, October 28, 2026","Wednesday, October 28, 2026",,,,,,
,LAURA,3195,Oficina,PACHO,Pacho,Cundinamarca,BOGOTA,GESTIONATECH,,"Monday, September 14, 2026","Monday, September 14, 2026",,,,,,
,HEIDY,3301,Oficina,ACANDI,Acandí,Chocó,ANTIOQUIA,INSARED,,"Tuesday, October 6, 2026","Tuesday, October 6, 2026",,,,,,
,HEIDY,3303,Oficina,QUIBDO,Quibdó,Chocó,ANTIOQUIA,INSARED,OFICINA CERRADA,"Monday, October 5, 2026","Wednesday, October 7, 2026",,,,,,
,HEIDY,3309,Oficina,BAHIA SOLANO,Bahía Solano,Chocó,ANTIOQUIA,INSARED,,"Monday, October 19, 2026","Tuesday, October 20, 2026",,,,,,
,HEIDY,3315,Oficina,CARMEN DE ATRATO,El Carmen De Atrato,Chocó,ANTIOQUIA,INSARED,,"Thursday, October 15, 2026","Friday, October 16, 2026",,,,,,
,HEIDY,3320,Oficina,CONDOTO,Condoto,Chocó,ANTIOQUIA,INSARED,,"Tuesday, October 13, 2026","Wednesday, October 14, 2026",,,,,,
,HEIDY,3350,Oficina,PIZARRO,Bajo Baudó,Chocó,ANTIOQUIA,INSARED,,"Wednesday, October 21, 2026","Thursday, October 22, 2026",,,,,,
,HEIDY,3360,Oficina,RIOSUCIO,Riosucio,Chocó,ANTIOQUIA,INSARED,,"Wednesday, October 7, 2026","Wednesday, October 7, 2026",,,,,,
,HEIDY,3370,Oficina,UNGUIA,Unguía,Chocó,ANTIOQUIA,INSARED,,"Thursday, October 8, 2026","Thursday, October 8, 2026",,,,,,
,HEIDY,3375,Oficina,TADO,Tadó,Chocó,ANTIOQUIA,INSARED,OFICINA CERRADA,"Thursday, October 8, 2026","Friday, October 9, 2026",,,,,,
,LAURA,3603,Oficina,RIOHACHA,Riohacha,La Guajira,COSTA,GESTIONATECH,,"Thursday, September 17, 2026","Friday, September 18, 2026",,,,,,
,LAURA,3620,Oficina,MANAURE,Manaure,La Guajira,COSTA,GESTIONATECH,,"Thursday, September 17, 2026","Thursday, September 17, 2026",,,,,,
,LAURA,3630,Oficina,MAICAO,Maicao,La Guajira,COSTA,GESTIONATECH,,"Monday, September 14, 2026","Monday, September 14, 2026",,,,,,
,LAURA,3640,Oficina,SAN JUAN DEL CESAR,San Juan Del Cesar,La Guajira,COSTA,GESTIONATECH,,"Wednesday, September 2, 2026","Wednesday, September 2, 2026",,,,,,
,LAURA,3655,Oficina,VILLANUEVA,VILLANUEVA,La Guajira,COSTA,GESTIONATECH,,"Wednesday, September 30, 2026","Wednesday, September 30, 2026",,,,,,
,LAURA,3660,Oficina,URUMITA,Urumita,La Guajira,COSTA,GESTIONATECH,,"Tuesday, September 29, 2026","Tuesday, September 29, 2026",,,,,,
,LAURA,3901,Oficina,ACEVEDO,Acevedo,Huila,SUR,GESTIONATECH,,"Friday, October 16, 2026","Friday, October 16, 2026",,,,,,
,LAURA,3902,Oficina,AGRADO,Agrado,Huila,SUR,GESTIONATECH,,"Wednesday, September 23, 2026","Wednesday, September 23, 2026",,,,,,
,CLAUDIA,7103,Oficina,LETICIA,Leticia,Amazonas,BOGOTA,COBERTURA,,"Friday, September 11, 2026","Friday, September 11, 2026",,,,,,
,LAURA,3904,Oficina,SOLITA,Solita,Caquetá,SUR,GESTIONATECH,,"Tuesday, November 17, 2026","Tuesday, November 17, 2026",,,,,,
,SANTIAGO,3905,Oficina,NEIVA,Neiva,Huila,SUR,REGIONAL,,"Tuesday, October 6, 2026","Friday, October 16, 2026",,,,,,
,CLAUDIA,3903,Oficina,ALGECIRAS,Algeciras,Huila,SUR,COBERTURA,,"Tuesday, September 22, 2026","Wednesday, September 23, 2026",,,,,,
,LAURA,3909,Oficina,ALTAMIRA,Altamira,Huila,SUR,GESTIONATECH,,"Thursday, September 24, 2026","Thursday, September 24, 2026",,,,,,
,CLAUDIA,3908,Oficina,AIPE,Aipe,Huila,SUR,COBERTURA,,"Thursday, September 10, 2026","Friday, September 11, 2026",,,,,,
,CLAUDIA,3910,Oficina,COLOMBIA,Colombia,Huila,SUR,COBERTURA,,"Wednesday, September 2, 2026","Thursday, September 3, 2026",,,,,,
,LAURA,3913,Oficina,GARZON,Garzón,Huila,SUR,GESTIONATECH,,"Monday, September 21, 2026","Monday, September 21, 2026",,,,,,
,LAURA,3914,Oficina,CAMPOALEGRE,Campolegre,Huila,SUR,GESTIONATECH,,"Monday, September 7, 2026","Monday, September 7, 2026",,,,,,
,LAURA,3915,Oficina,CURILLO,Curillo,Caquetá,SUR,GESTIONATECH,,"Monday, November 9, 2026","Monday, November 9, 2026",,,,,,
,SANTIAGO,3916,Oficina,CENTRAL DE ABASTOS NEIVA(Operando Provisionalmente desde Oficina Neiva),Neiva,Huila,SUR,REGIONAL,,"Tuesday, October 20, 2026","Friday, October 23, 2026",,,,,,
,LAURA,3918,Oficina,GIGANTE,Gigante,Huila,SUR,GESTIONATECH,,"Thursday, September 10, 2026","Thursday, September 10, 2026",,,,,,
,LAURA,3920,Oficina,GUADALUPE,Guadalupe,Huila,SUR,GESTIONATECH,,"Thursday, October 15, 2026","Thursday, October 15, 2026",,,,,,
,CLAUDIA,3912,Oficina,BARAYA,Baraya,Huila,SUR,COBERTURA,,"Thursday, September 3, 2026","Friday, September 4, 2026",,,,,,
,LAURA,3922,Oficina,HOBO,Hobo,Huila,SUR,GESTIONATECH,,"Wednesday, September 9, 2026","Wednesday, September 9, 2026",,,,,,
,LAURA,3923,Oficina,PAICOL,Paicol,Huila,SUR,GESTIONATECH,,"Thursday, September 17, 2026","Thursday, September 17, 2026",,,,,,
,LAURA,3925,Oficina,PALERMO,Palermo,Huila,SUR,GESTIONATECH,,"Friday, September 4, 2026","Friday, September 4, 2026",,,,,,
,LAURA,3927,Oficina,LA PLATA,La Plata,Huila,SUR,GESTIONATECH,,"Wednesday, September 16, 2026","Wednesday, September 16, 2026",,,,,,
,LAURA,3928,Oficina,LA ARGENTINA,La Argentina,Huila,SUR,GESTIONATECH,,"Tuesday, September 15, 2026","Tuesday, September 15, 2026",,,,,,
,LAURA,3930,Oficina,RIVERA,Rivera,Huila,SUR,GESTIONATECH,,"Tuesday, September 8, 2026","Tuesday, September 8, 2026",,,,,,
,CLAUDIA,3921,Oficina,ELIAS,Elías,Huila,SUR,COBERTURA,,"Wednesday, September 16, 2026","Thursday, September 17, 2026",,,,,,
,SANTIAGO,3935,Oficina,IQUIRA,Iquira,Huila,SUR,ALIADO NATURAL,,"Tuesday, September 1, 2026","Tuesday, September 1, 2026",En proceso,OK,OK,,1/092026,
,LAURA,3937,Oficina,ISNOS,San José de Isnos,Huila,SUR,GESTIONATECH,,"Monday, September 7, 2026","Monday, September 7, 2026",,,,,,
,LAURA,3940,Oficina,YAGUARA,Yaguará,Huila,SUR,GESTIONATECH,,"Friday, October 2, 2026","Friday, October 2, 2026",,,,,,
,LAURA,3942,Oficina,PITALITO,Pitalito,Huila,SUR,GESTIONATECH,,"Monday, September 28, 2026","Tuesday, September 29, 2026",,,,,,
,LAURA,3943,Oficina,BRUSELAS (Corregimiento de Pitalito - Huila),Pitalito,Huila,SUR,GESTIONATECH,,"Wednesday, September 30, 2026","Wednesday, September 30, 2026",,,,,,
,LAURA,3945,Oficina,PALESTINA,Palestina,Huila,SUR,GESTIONATECH,,"Thursday, October 1, 2026","Thursday, October 1, 2026",,,,,,
,LAURA,3947,Oficina,OPORAPA,Oporapa,Huila,SUR,GESTIONATECH,,"Thursday, October 8, 2026","Thursday, October 8, 2026",,,,,,
,CLAUDIA,3932,Oficina,NATAGA,Nátaga,Huila,SUR,COBERTURA,,"Thursday, September 17, 2026","Friday, September 18, 2026",,,,,,
,LAURA,3952,Oficina,SAN AGUSTIN,San Agustín,Huila,SUR,GESTIONATECH,,"Monday, October 5, 2026","Monday, October 5, 2026",,,,,,
,LAURA,3955,Oficina,TARQUI,Tarqui,Huila,SUR,GESTIONATECH,,"Friday, October 9, 2026","Friday, October 9, 2026",,,,,,
,LAURA,3957,Oficina,TERUEL,Teruel,Huila,SUR,GESTIONATECH,,"Thursday, September 3, 2026","Thursday, September 3, 2026",,,,,,
,CLAUDIA,3950,Oficina,SANTA MARIA,Santa María,Huila,SUR,COBERTURA,,"Tuesday, September 15, 2026","Wednesday, September 16, 2026",,,,,,
,LAURA,3963,Oficina,PITAL,Pital,Huila,SUR,GESTIONATECH,,"Tuesday, September 22, 2026","Tuesday, September 22, 2026",,,,,,
,LAURA,3965,Oficina,TIMANA,Timaná,Huila,SUR,GESTIONATECH,,"Friday, October 2, 2026","Friday, October 2, 2026",,,,,,
,LAURA,3967,Oficina,SALADOBLANCO,Saladoblanco,Huila,SUR,GESTIONATECH,,"Tuesday, October 6, 2026","Tuesday, October 6, 2026",,,,,,
,LAURA,3970,Oficina,TESALIA,Tesalia,Huila,SUR,GESTIONATECH,,"Friday, September 18, 2026","Friday, September 18, 2026",,,,,,
,LAURA,3973,Oficina,SUAZA,Suaza,Huila,SUR,GESTIONATECH,,"Wednesday, October 14, 2026","Wednesday, October 14, 2026",,,,,,
,CLAUDIA,3960,Oficina,TELLO,Tello,Huila,SUR,COBERTURA,,"Tuesday, September 8, 2026","Wednesday, September 9, 2026",,,,,,
,LAURA,4203,Oficina,CERRO DE SAN ANTONIO,Cerro San Antonio,Magdalena,COSTA,GESTIONATECH,,"Wednesday, October 28, 2026","Thursday, October 29, 2026",,,,,,
,LAURA,4205,Oficina,CHIVOLO,Chivolo,Magdalena,COSTA,GESTIONATECH,,"Tuesday, October 27, 2026","Wednesday, October 28, 2026",,,,,,
,LAURA,4209,Oficina,CIENAGA,Ciénaga,Magdalena,COSTA,GESTIONATECH,,"Thursday, October 29, 2026","Friday, October 30, 2026",,,,,,
,LAURA,4210,Oficina,SANTA MARTA,Santa Marta,Magdalena,COSTA,GESTIONATECH,,"Thursday, October 29, 2026","Friday, October 30, 2026",,,,,,
,LAURA,4212,Oficina,ARACATACA,Aracataca,Magdalena,COSTA,GESTIONATECH,,"Wednesday, October 28, 2026","Thursday, October 29, 2026",,,,,,
,LAURA,4215,Oficina,SABANAS DE SAN ANGEL,Sabanas De San Angel,Magdalena,COSTA,GESTIONATECH,,"Wednesday, October 28, 2026","Thursday, October 29, 2026",,,,,,
,LAURA,4220,Oficina,EL BANCO,El Banco,Magdalena,COSTA,GESTIONATECH,,"Monday, October 26, 2026","Tuesday, October 27, 2026",,,,,,
,LAURA,4223,Oficina,EL DIFICIL,Ariguaní,Magdalena,COSTA,GESTIONATECH,,"Monday, October 26, 2026","Tuesday, October 27, 2026",,,,,,
,LAURA,4230,Oficina,GUAMAL,Guamal,Magdalena,COSTA,GESTIONATECH,,"Monday, October 26, 2026","Tuesday, October 27, 2026",,,,,,
,LAURA,4240,Oficina,PIVIJAY,Pivijay,Magdalena,COSTA,GESTIONATECH,,"Tuesday, October 27, 2026","Wednesday, October 28, 2026",,,,,,
,LAURA,4244,Oficina,PLATO,Plato,Magdalena,COSTA,GESTIONATECH,,"Tuesday, October 27, 2026","Wednesday, October 28, 2026",,,,,,
,LAURA,4260,Oficina,SAN SEBASTIAN,San Sebastián De Buenavista,Magdalena,COSTA,GESTIONATECH,,"Monday, October 26, 2026","Tuesday, October 27, 2026",,,,,,
,LAURA,4263,Oficina,SANTA ANA,Santa Ana,Magdalena,COSTA,GESTIONATECH,,"Monday, October 26, 2026","Tuesday, October 27, 2026",,,,,,
,SANTIAGO,4501,Oficina,VILLAVICENCIO,Villavicencio,Meta,BOGOTA,REGIONAL,,"Tuesday, October 6, 2026","Friday, October 16, 2026",,,,,,
,LAURA,4503,Oficina,ACACIAS,Acacías,Meta,BOGOTA,GESTIONATECH,,"Friday, September 4, 2026","Friday, September 4, 2026",,,,,,
,LAURA,4505,Oficina,CUBARRAL,San Luis De Cubarral,Meta,BOGOTA,GESTIONATECH,,"Wednesday, September 16, 2026","Wednesday, September 16, 2026",,,,,,
,LAURA,4507,Oficina,CUMARAL,Cumaral,Meta,BOGOTA,GESTIONATECH,,"Friday, September 11, 2026","Friday, September 11, 2026",,,,,,
,LAURA,4509,Oficina,CASTILLA LA NUEVA,Castilla La Nueva,Meta,BOGOTA,GESTIONATECH,,"Wednesday, September 2, 2026","Wednesday, September 2, 2026",,,,,,
,LAURA,4510,Oficina,CABUYARO,Cabuyaro,Meta,BOGOTA,GESTIONATECH,,"Monday, September 7, 2026","Monday, September 7, 2026",,,,,,
,LAURA,4512,Oficina,EL CASTILLO,El Castillo,Meta,BOGOTA,GESTIONATECH,,"Thursday, September 17, 2026","Thursday, September 17, 2026",,,,,,
,LAURA,4514,Oficina,FUENTE DE ORO,Fuente De Oro,Meta,BOGOTA,GESTIONATECH,,"Monday, September 21, 2026","Monday, September 21, 2026",,,,,,
,LAURA,4515,Oficina,GUAMAL,Guamal,Meta,BOGOTA,GESTIONATECH,,"Thursday, September 3, 2026","Thursday, September 3, 2026",,,,,,
,LAURA,4517,Oficina,GRANADA,Granada,Meta,BOGOTA,GESTIONATECH,,"Thursday, September 10, 2026","Thursday, September 10, 2026",,,,,,
,LAURA,4518,Oficina,LEJANIAS,Lejanías,Meta,BOGOTA,GESTIONATECH,,"Friday, September 11, 2026","Friday, September 11, 2026",,,,,,
,LAURA,4519,Oficina,LA MACARENA,La Macarena,Meta,BOGOTA,GESTIONATECH,,"Friday, September 11, 2026","Friday, September 11, 2026",,,,,,
,LAURA,4521,Oficina,MESETAS,Mesetas,Meta,BOGOTA,GESTIONATECH,,"Tuesday, September 15, 2026","Tuesday, September 15, 2026",,,,,,
,LAURA,4522,Oficina,PUERTO LLERAS,Puerto Lleras,Meta,BOGOTA,GESTIONATECH,,"Wednesday, September 23, 2026","Wednesday, September 23, 2026",,,,,,
,LAURA,4523,Oficina,PUERTO RICO,Puerto Rico,Meta,BOGOTA,GESTIONATECH,,"Tuesday, September 22, 2026","Tuesday, September 22, 2026",,,,,,
,LAURA,4524,Oficina,PUERTO GAITAN,Puerto Gaitán,Meta,BOGOTA,GESTIONATECH,,"Thursday, September 3, 2026","Thursday, September 3, 2026",,,,,,
,LAURA,4525,Oficina,RESTREPO,Restrepo,Meta,BOGOTA,GESTIONATECH,,"Thursday, September 10, 2026","Thursday, September 10, 2026",,,,,,
,LAURA,4530,Oficina,PUERTO LOPEZ,Puerto López,Meta,BOGOTA,GESTIONATECH,,"Wednesday, September 9, 2026","Wednesday, September 9, 2026",,,,,,
,LAURA,4532,Oficina,SAN JUAN DE ARAMA,San Juan De Arama,Meta,BOGOTA,GESTIONATECH,,"Wednesday, September 9, 2026","Wednesday, September 9, 2026",,,,,,
,LAURA,4535,Oficina,SAN MARTIN,San Martín,Meta,BOGOTA,GESTIONATECH,,"Friday, September 18, 2026","Friday, September 18, 2026",,,,,,
,LAURA,4540,Oficina,SAN CARLOS DE GUAROA,San Carlos De Guaroa,Meta,BOGOTA,GESTIONATECH,,"Tuesday, September 1, 2026","Tuesday, September 1, 2026",En proceso,OK,,,1/092026,
,LAURA,4542,Oficina,SAN JUANITO,San Juanito,Meta,BOGOTA,GESTIONATECH,,"Monday, September 28, 2026","Tuesday, September 29, 2026",,,,,,
,LAURA,4543,Oficina,MAPIRIPAN,Mapiripán,Meta,BOGOTA,GESTIONATECH,,"Wednesday, September 30, 2026","Friday, October 2, 2026",,,,,,
,LAURA,4550,Oficina,VISTAHERMOSA,Vistahermosa,Meta,BOGOTA,GESTIONATECH,,"Tuesday, September 8, 2026","Tuesday, September 8, 2026",,,,,,
,LAURA,4560,Oficina,URIBE,Uribe,Meta,BOGOTA,GESTIONATECH,,"Monday, September 14, 2026","Monday, September 14, 2026",,,,,,
,SANTIAGO,4801,Oficina,PASTO,Pasto,Nariño,OCCIDENTE,REGIONAL,,"Tuesday, October 6, 2026","Friday, October 16, 2026",,,,,,
,YULIANA,4805,Oficina,CORDOBA,Córdoba,Nariño,OCCIDENTE,INSARED,,"Thursday, September 17, 2026","Thursday, September 17, 2026",,,,,,
,YULIANA,4806,Oficina,IPIALES,Ipiales,Nariño,OCCIDENTE,INSARED,,"Thursday, September 10, 2026","Thursday, September 10, 2026",,,,,,
,YULIANA,4808,Oficina,TUQUERRES,Túquerres,Nariño,OCCIDENTE,INSARED,,"Thursday, October 29, 2026","Thursday, October 29, 2026",,,,,,
,YULIANA,4810,Oficina,SANDONA,Sandoná,Nariño,OCCIDENTE,INSARED,,"Tuesday, September 29, 2026","Tuesday, September 29, 2026",,,,,,
,YULIANA,4811,Oficina,ANCUYA,Ancuyá,Nariño,OCCIDENTE,INSARED,,"Wednesday, September 30, 2026","Wednesday, September 30, 2026",,,,,,
,YULIANA,4812,Oficina,PUPIALES,Pupiales,Nariño,OCCIDENTE,INSARED,,"Wednesday, September 9, 2026","Wednesday, September 9, 2026",,,,,,
,YULIANA,4814,Oficina,CUMBAL,Cumbal,Nariño,OCCIDENTE,INSARED,,"Monday, September 14, 2026","Monday, September 14, 2026",,,,,,
,YULIANA,4816,Oficina,GUACHUCAL,Guachucal,Nariño,OCCIDENTE,INSARED,,"Friday, September 11, 2026","Friday, September 11, 2026",,,,,,
,YULIANA,4818,Oficina,CONTADERO,Contadero,Nariño,OCCIDENTE,INSARED,,"Friday, September 4, 2026","Friday, September 4, 2026",,,,,,
,YULIANA,4820,Oficina,PUERRES,Puerres,Nariño,OCCIDENTE,INSARED,,"Friday, September 18, 2026","Friday, September 18, 2026",,,,,,
,YULIANA,4822,Oficina,YACUANQUER,Yacuanquer,Nariño,OCCIDENTE,INSARED,,"Thursday, September 3, 2026","Thursday, September 3, 2026",,,,,,
,YULIANA,4824,Oficina,CUMBITARA,Cumbitara,Nariño,OCCIDENTE,INSARED,,"Wednesday, October 28, 2026","Wednesday, October 28, 2026",,,,,,
,YULIANA,4826,Oficina,EL CHARCO,El Charco,Nariño,OCCIDENTE,INSARED,,"Tuesday, November 17, 2026","Friday, November 20, 2026",,,,,,
,YULIANA,4828,Oficina,EL ROSARIO,El Rosario,Nariño,OCCIDENTE,INSARED,,"Thursday, October 22, 2026","Thursday, October 22, 2026",,,,,,
,YULIANA,4830,Oficina,EL TAMBO,El Tambo,Nariño,OCCIDENTE,INSARED,,"Thursday, September 24, 2026","Thursday, September 24, 2026",,,,,,
,YULIANA,4832,Oficina,FUNES,Funes,Nariño,OCCIDENTE,INSARED,,"Monday, September 7, 2026","Monday, September 7, 2026",,,,,,
,YULIANA,4834,Oficina,BELEN,Belén,Nariño,OCCIDENTE,INSARED,,"Friday, October 9, 2026","Friday, October 9, 2026",,,,,,
,YULIANA,4836,Oficina,GUAITARILLA,Guaitarilla,Nariño,OCCIDENTE,INSARED,,"Wednesday, September 16, 2026","Wednesday, September 16, 2026",,,,,,
,YULIANA,4838,Oficina,ILES,Iles,Nariño,OCCIDENTE,INSARED,,"Tuesday, September 8, 2026","Tuesday, September 8, 2026",,,,,,
,YULIANA,4840,Oficina,LA CRUZ,La Cruz,Nariño,OCCIDENTE,INSARED,,"Thursday, October 15, 2026","Thursday, October 15, 2026",,,,,,
,YULIANA,4842,Oficina,LA UNION,La Unión,Nariño,OCCIDENTE,INSARED,,"Wednesday, October 21, 2026","Wednesday, October 21, 2026",,,,,,
,YULIANA,4844,Oficina,LINARES,Linares,Nariño,OCCIDENTE,INSARED,,"Thursday, October 1, 2026","Thursday, October 1, 2026",,,,,,
,YULIANA,4845,Oficina,CHACHAGÜI,Chachagüi,Nariño,OCCIDENTE,INSARED,,"Wednesday, September 23, 2026","Wednesday, September 23, 2026",,,,,,
,YULIANA,4860,Oficina,BARBACOAS,Barbacoas,Nariño,OCCIDENTE,INSARED,,"Tuesday, November 3, 2026","Tuesday, November 3, 2026",,,,,,
,YULIANA,4862,Oficina,SOTOMAYOR,Los Andes,Nariño,OCCIDENTE,INSARED,,"Friday, October 23, 2026","Friday, October 23, 2026",,,,,,
,YULIANA,4864,Oficina,BOCAS DE SATINGA,Olaya Herrera,Nariño,OCCIDENTE,INSARED,,"Monday, November 9, 2026","Friday, November 13, 2026",,,,,,
,YULIANA,4866,Oficina,BUESACO,Buesaco,Nariño,OCCIDENTE,INSARED,,"Tuesday, September 22, 2026","Tuesday, September 22, 2026",,,,,,
,YULIANA,4868,Oficina,RICAURTE,Ricaurte,Nariño,OCCIDENTE,INSARED,,"Friday, October 30, 2026","Friday, October 30, 2026",,,,,,
,YULIANA,4870,Oficina,SAMANIEGO,Samaniego,Nariño,OCCIDENTE,INSARED,,"Tuesday, September 15, 2026","Tuesday, September 15, 2026",,,,,,
,YULIANA,4872,Oficina,SAN JOSE DE ALBAN,Albán,Nariño,OCCIDENTE,INSARED,,"Thursday, October 8, 2026","Thursday, October 8, 2026",,,,,,
,YULIANA,4874,Oficina,SAN LORENZO,San Lorenzo,Nariño,OCCIDENTE,INSARED,,"Tuesday, October 6, 2026","Tuesday, October 6, 2026",,,,,,
,YULIANA,4875,Oficina,EL TABLON DE GOMEZ,El Tablón,Nariño,OCCIDENTE,INSARED,,"Wednesday, October 14, 2026","Wednesday, October 14, 2026",,,,,,
,YULIANA,4876,Oficina,SAN PABLO,San Pablo,Nariño,OCCIDENTE,INSARED,,"Tuesday, October 20, 2026","Tuesday, October 20, 2026",,,,,,
,YULIANA,4878,Oficina,SANTA BARBARA DE ISCUANDE,Santa Bárbara,Nariño,OCCIDENTE,INSARED,,"Monday, November 23, 2026","Friday, November 27, 2026",,,,,,
,YULIANA,4880,Oficina,TAMINANGO,Taminango,Nariño,OCCIDENTE,INSARED,,"Friday, October 2, 2026","Friday, October 2, 2026",,,,,,
,YULIANA,4882,Oficina,TUMACO,Tumaco,Nariño,OCCIDENTE,INSARED,,"Tuesday, November 3, 2026","Tuesday, November 3, 2026",,,,,,
,YULIANA,4884,Oficina,CONSACA,Consacá,Nariño,OCCIDENTE,INSARED,,"Wednesday, September 2, 2026","Wednesday, September 2, 2026",,,,,,
,YULIANA,4890,Oficina,BERRUECOS,Arboleda,Nariño,OCCIDENTE,INSARED,,"Wednesday, October 7, 2026","Wednesday, October 7, 2026",,,,,,
,YULIANA,4891,Oficina,POLICARPA,Policarpa,Nariño,OCCIDENTE,INSARED,,"Tuesday, October 27, 2026","Tuesday, October 27, 2026",,,,,,
,SANTIAGO,5101,Oficina,CUCUTA,Cúcuta,Norte de Santander,SANTANDERES,REGIONAL,,"Tuesday, October 6, 2026","Friday, October 16, 2026",,,,,,
,LAURA,5105,Oficina,PUERTO SANTANDER,Puerto Santander,Norte de Santander,SANTANDERES,GESTIONATECH,,"Tuesday, September 8, 2026","Tuesday, September 8, 2026",,,,,,
,LAURA,5108,Oficina,BOCHALEMA,Bochalema,Norte de Santander,SANTANDERES,GESTIONATECH,,"Wednesday, October 14, 2026","Wednesday, October 14, 2026",,,,,,
,LAURA,5110,Oficina,EL ZULIA,El Zulia,Norte de Santander,SANTANDERES,GESTIONATECH,,"Wednesday, September 9, 2026","Friday, September 11, 2026",,,,,,
,LAURA,5111,Oficina,ABREGO,Abrego,Norte de Santander,SANTANDERES,GESTIONATECH,,"Monday, September 28, 2026","Tuesday, September 29, 2026",,,,,,
,LAURA,5112,Oficina,ARBOLEDAS,Arboledas,Norte de Santander,SANTANDERES,GESTIONATECH,,"Wednesday, September 23, 2026","Wednesday, September 23, 2026",,,,,,
,SANTIAGO,5113,Oficina,CENTRAL DE ABASTOS CUCUTA,Cúcuta,Norte de Santander,SANTANDERES,REGIONAL,,"Tuesday, October 20, 2026","Friday, October 23, 2026",,,,,,
,LAURA,5114,Oficina,DURANIA,Durania,Norte de Santander,SANTANDERES,GESTIONATECH,,"Wednesday, October 14, 2026","Wednesday, October 14, 2026",,,,,,
,LAURA,5115,Oficina,CHINACOTA,Chinácota,Norte de Santander,SANTANDERES,GESTIONATECH,,"Tuesday, November 10, 2026","Wednesday, November 11, 2026",,,,,,
,LAURA,5116,Oficina,CONVENCION,Convención,Norte de Santander,SANTANDERES,GESTIONATECH,,"Monday, September 14, 2026","Tuesday, September 15, 2026",,,,,,
,LAURA,5117,Oficina,CUCUTILLA,Cucutilla,Norte de Santander,SANTANDERES,GESTIONATECH,,"Thursday, September 24, 2026","Friday, September 25, 2026",,,,,,
,LAURA,5118,Oficina,LABATECA,Labateca,Norte de Santander,SANTANDERES,GESTIONATECH,,"Tuesday, September 15, 2026","Tuesday, September 15, 2026",,,,,,
,LAURA,5119,Oficina,CACOTA,Cácota,Norte de Santander,SANTANDERES,GESTIONATECH,,"Tuesday, October 20, 2026","Tuesday, October 20, 2026",,,,,,
,LAURA,5120,Oficina,OCAÑA,Ocaña,Norte de Santander,SANTANDERES,GESTIONATECH,,"Tuesday, September 8, 2026","Friday, September 11, 2026",,,,,,
,LAURA,5121,Oficina,CACHIRA,Cachirá,Norte de Santander,SANTANDERES,GESTIONATECH,,"Tuesday, November 10, 2026","Tuesday, November 10, 2026",,,,,,
,LAURA,5122,Oficina,CHITAGA,Chitagá,Norte de Santander,SANTANDERES,GESTIONATECH,,"Tuesday, October 20, 2026","Wednesday, October 21, 2026",,,,,,
,LAURA,5123,Oficina,EL CARMEN,El Carmen,Norte de Santander,SANTANDERES,GESTIONATECH,,"Thursday, September 17, 2026","Friday, September 18, 2026",,,,,,
,LAURA,5125,Oficina,GRAMALOTE,Gramalote,Norte de Santander,SANTANDERES,GESTIONATECH,,"Tuesday, October 27, 2026","Tuesday, October 27, 2026",,,,,,
,LAURA,5126,Oficina,HACARI,Hacarí,Norte de Santander,SANTANDERES,GESTIONATECH,,"Monday, September 21, 2026","Thursday, September 24, 2026",,,,,,
,LAURA,5127,Oficina,HERRAN,Herrán,Norte de Santander,SANTANDERES,GESTIONATECH,,"Tuesday, October 6, 2026","Tuesday, October 6, 2026",,,,,,
,LAURA,5130,Oficina,PAMPLONA,Pamplona,Norte de Santander,SANTANDERES,GESTIONATECH,,"Tuesday, November 3, 2026","Friday, November 6, 2026",,,,,,
,LAURA,5134,Oficina,LOURDES,Lourdes,Norte de Santander,SANTANDERES,GESTIONATECH,,"Tuesday, October 27, 2026","Tuesday, October 27, 2026",,,,,,
,LAURA,5136,Oficina,MUTISCUA,Mutiscua,Norte de Santander,SANTANDERES,GESTIONATECH,,"Thursday, October 15, 2026","Thursday, October 15, 2026",,,,,,
,LAURA,5145,Oficina,RAGONVALIA,Ragonvalia,Norte de Santander,SANTANDERES,GESTIONATECH,,"Wednesday, October 7, 2026","Thursday, October 8, 2026",,,,,,
,LAURA,5150,Oficina,SARDINATA,Sardinata,Norte de Santander,SANTANDERES,GESTIONATECH,,"Tuesday, October 6, 2026","Wednesday, October 7, 2026",,,,,,
,LAURA,5152,Oficina,SALAZAR,Salazar,Norte de Santander,SANTANDERES,GESTIONATECH,,"Tuesday, September 22, 2026","Tuesday, September 22, 2026",,,,,,
,LAURA,5160,Oficina,TOLEDO,Toledo,Norte de Santander,SANTANDERES,GESTIONATECH,,"Wednesday, September 16, 2026","Thursday, September 17, 2026",,,,,,
,LAURA,5164,Oficina,SILOS,Silos,Norte de Santander,SANTANDERES,GESTIONATECH,,"Thursday, October 15, 2026","Thursday, October 15, 2026",,,,,,
,LAURA,5170,Oficina,TIBU,Tibú,Norte de Santander,SANTANDERES,GESTIONATECH,,"Tuesday, September 1, 2026","Friday, September 4, 2026",En proceso,OK,,,1/092026,
,LAURA,5172,Oficina,TEORAMA,Teorama,Norte de Santander,SANTANDERES,GESTIONATECH,,"Wednesday, September 16, 2026","Wednesday, September 16, 2026",,,,,,
,LAURA,5180,Oficina,VILLACARO,Villa Caro,Norte de Santander,SANTANDERES,GESTIONATECH,,"Thursday, October 1, 2026","Thursday, October 1, 2026",,,,,,
,YULIANA,5401,Oficina,ARMENIA,Armenia,Quindio,CAFETERA,INSARED,OFICINA CERRADA,"Thursday, October 1, 2026","Wednesday, October 7, 2026",,,,,,
,YULIANA,5410,Oficina,CALARCA,Calarca,Quindio,CAFETERA,INSARED,OFICINA CERRADA,"Friday, October 16, 2026","Friday, October 16, 2026",,,,,,
,YULIANA,5412,Oficina,CAICEDONIA,Caicedonia,Valle del Cauca,CAFETERA,INSARED,,"Wednesday, December 2, 2026","Thursday, December 3, 2026",,,,,,
,LAURA,5413,Oficina,LA DORADA,La Dorada,Caldas,CAFETERA,GESTIONATECH,,"Thursday, October 15, 2026","Friday, October 16, 2026",,,,,,
,YULIANA,5414,Oficina,LA UNION,La Unión,Valle del Cauca,CAFETERA,INSARED,OFICINA CERRADA,"Monday, November 30, 2026","Tuesday, December 1, 2026",,,,,,
,YULIANA,5415,Oficina,CIRCASIA,Circasia,Quindio,CAFETERA,INSARED,,"Wednesday, October 28, 2026","Wednesday, October 28, 2026",,,,,,
,YULIANA,5420,Oficina,QUIMBAYA,Quimbaya,Quindio,CAFETERA,INSARED,OFICINA CERRADA,"Thursday, October 29, 2026","Thursday, October 29, 2026",,,,,,
,YULIANA,5425,Oficina,LA TEBAIDA,La Tebaida,Quindio,CAFETERA,INSARED,OFICINA CERRADA,"Friday, November 6, 2026","Friday, November 6, 2026",,,,,,
,YULIANA,5430,Oficina,BARCELONA (Corregimiento del municipio de Calarcá - Quindio ),Calarca,Quindio,CAFETERA,INSARED,,"Friday, November 13, 2026","Friday, November 13, 2026",,,,,,
,YULIANA,5440,Oficina,CORDOBA,Córdoba,Quindio,CAFETERA,INSARED,OFICINA CERRADA,"Thursday, November 19, 2026","Thursday, November 19, 2026",,,,,,
,YULIANA,5445,Oficina,FILANDIA,Filandia,Quindio,CAFETERA,INSARED,,"Friday, October 9, 2026","Friday, October 9, 2026",,,,,,
,YULIANA,5450,Oficina,SALENTO,Salento,Quindio,CAFETERA,INSARED,,"Friday, October 30, 2026","Friday, October 30, 2026",,,,,,
,YULIANA,5455,Oficina,BUENAVISTA,Buenavista,Quindio,CAFETERA,INSARED,,"Thursday, November 12, 2026","Thursday, November 12, 2026",,,,,,
,YULIANA,5462,Oficina,PIJAO,Pijao,Quindio,CAFETERA,INSARED,,"Wednesday, November 18, 2026","Wednesday, November 18, 2026",,,,,,
,LAURA,5703,Oficina,PEREIRA,Pereira,Risaralda,CAFETERA,GESTIONATECH,OFICINA CERRADA,"Wednesday, November 4, 2026","Friday, November 6, 2026",,,,,,
,LAURA,5704,Oficina,CENTRAL DE ABASTOS PEREIRA,Pereira,Risaralda,CAFETERA,GESTIONATECH,,"Thursday, October 15, 2026","Friday, October 16, 2026",,,,,,
,LAURA,5712,Oficina,DOSQUEBRADAS,Dosquebradas,Risaralda,CAFETERA,GESTIONATECH,OFICINA CERRADA,"Tuesday, October 13, 2026","Wednesday, October 14, 2026",,,,,,
,LAURA,5715,Oficina,SANTA ROSA DE CABAL,Santa Rosa De Cabal,Risaralda,CAFETERA,GESTIONATECH,OFICINA CERRADA,"Thursday, October 29, 2026","Friday, October 30, 2026",,,,,,
,LAURA,5725,Oficina,BALBOA,Balboa,Risaralda,CAFETERA,GESTIONATECH,,"Tuesday, September 22, 2026","Wednesday, September 23, 2026",,,,,,
,LAURA,5732,Oficina,LA CELIA,La Celia,Risaralda,CAFETERA,GESTIONATECH,OFICINA CERRADA,"Tuesday, October 20, 2026","Wednesday, October 21, 2026",,,,,,
,LAURA,5740,Oficina,APIA,Apía,Risaralda,CAFETERA,GESTIONATECH,,"Tuesday, September 15, 2026","Wednesday, September 16, 2026",,,,,,
,LAURA,5746,Oficina,BELEN DE UMBRIA,Belén de Umbria,Risaralda,CAFETERA,GESTIONATECH,,"Thursday, September 17, 2026","Friday, September 18, 2026",,,,,,
,LAURA,5750,Oficina,MISTRATO,Mistrató,Risaralda,CAFETERA,GESTIONATECH,,"Thursday, September 24, 2026","Friday, September 25, 2026",,,,,,
,LAURA,5755,Oficina,PUEBLO RICO,Pueblo Rico,Risaralda,CAFETERA,GESTIONATECH,OFICINA CERRADA,"Thursday, October 22, 2026","Friday, October 23, 2026",,,,,,
,LAURA,5765,Oficina,GUATICA,Guática,Risaralda,CAFETERA,GESTIONATECH,,"Thursday, October 1, 2026","Friday, October 2, 2026",,,,,,
,SANTIAGO,6001,Oficina,BUCARAMANGA,Bucaramanga,Santander,SANTANDERES,REGIONAL,,"Tuesday, October 6, 2026","Friday, October 16, 2026",,,,,,
,LAURA,6005,Oficina,RIONEGRO,Rionegro,Santander,SANTANDERES,GESTIONATECH,,"Wednesday, September 30, 2026","Thursday, October 1, 2026",,,,,,
,LAURA,6010,Oficina,ARATOCA,Aratoca,Santander,SANTANDERES,GESTIONATECH,,"Friday, October 9, 2026","Tuesday, October 13, 2026",,,,,,
,LAURA,6011,Oficina,GIRON,Girón,Santander,SANTANDERES,GESTIONATECH,,"Wednesday, September 30, 2026","Thursday, October 1, 2026",,,,,,
,SANTIAGO,6012,Oficina,CENTRAL DE ABASTOS BUCARAMANGA,Bucaramanga,Santander,SANTANDERES,REGIONAL,,"Tuesday, October 20, 2026","Friday, October 23, 2026",,,,,,
,LAURA,6013,Oficina,LEBRIJA,Lebrija,Santander,SANTANDERES,GESTIONATECH,,"Wednesday, September 30, 2026","Thursday, October 1, 2026",,,,,,
,LAURA,6014,Oficina,CHARALÁ,Charalá,Santander,SANTANDERES,GESTIONATECH,,"Thursday, October 8, 2026","Friday, October 9, 2026",,,,,,
,LAURA,6015,Oficina,FLORIDABLANCA,Floridablanca,Santander,SANTANDERES,GESTIONATECH,,"Wednesday, September 30, 2026","Thursday, October 1, 2026",,,,,,
,LAURA,6016,Oficina,OIBA,Oiba,Santander,SANTANDERES,GESTIONATECH,,"Tuesday, October 13, 2026","Thursday, October 15, 2026",,,,,,
,LAURA,6017,Oficina,PIEDECUESTA,Piedecuesta,Santander,SANTANDERES,GESTIONATECH,,"Thursday, October 1, 2026","Friday, October 2, 2026",,,,,,
,LAURA,6020,Oficina,BARRANCABERMEJA,Barrancabermeja,Santander,SANTANDERES,GESTIONATECH,,"Wednesday, October 21, 2026","Wednesday, October 21, 2026",,,,,,
,LAURA,6022,Oficina,SAN VICENTE DE CHUCURI,San Vicente De Chucurí,Santander,SANTANDERES,GESTIONATECH,,"Wednesday, October 21, 2026","Wednesday, October 21, 2026",,,,,,
,LAURA,6024,Oficina,BARBOSA,Barbosa,Santander,ORIENTE,GESTIONATECH,,"Thursday, October 15, 2026","Friday, October 16, 2026",,,,,,
,LAURA,6025,Oficina,BARICHARA,Barichara,Santander,SANTANDERES,GESTIONATECH,,"Thursday, October 8, 2026","Friday, October 9, 2026",,,,,,
,LAURA,6026,Oficina,CIMITARRA,Cimitarra,Santander,SANTANDERES,GESTIONATECH,,"Monday, October 19, 2026","Friday, October 23, 2026",,,,,,
,LAURA,6027,Oficina,BETULIA,Betulia,Santander,SANTANDERES,GESTIONATECH,,"Tuesday, October 6, 2026","Wednesday, October 7, 2026",,,,,,
,LAURA,6029,Oficina,BOLIVAR,Bolívar,Santander,ORIENTE,GESTIONATECH,,"Friday, October 16, 2026","Friday, October 16, 2026",,,,,,
,LAURA,6030,Oficina,CURITI,Curití,Santander,SANTANDERES,GESTIONATECH,,"Thursday, October 8, 2026","Friday, October 9, 2026",,,,,,
,LAURA,6032,Oficina,MALAGA,Málaga,Santander,SANTANDERES,GESTIONATECH,,"Monday, September 28, 2026","Tuesday, September 29, 2026",,,,,,
,LAURA,6033,Oficina,CAPITANEJO,Capitanejo,Santander,ORIENTE,GESTIONATECH,,"Monday, September 28, 2026","Tuesday, September 29, 2026",,,,,,
,LAURA,6035,Oficina,CARCASI,Carcasí,Santander,ORIENTE,GESTIONATECH,,"Tuesday, September 29, 2026","Wednesday, September 30, 2026",,,,,,
,LAURA,6037,Oficina,CERRITO,Cerrito,Santander,SANTANDERES,GESTIONATECH,,"Monday, September 28, 2026","Tuesday, September 29, 2026",,,,,,
,LAURA,6038,Oficina,PUERTO WILCHES,Puerto Wilches,Santander,SANTANDERES,GESTIONATECH,,"Wednesday, October 21, 2026","Wednesday, October 21, 2026",,,,,,
,LAURA,6039,Oficina,CONCEPCION,Concepción,Santander,SANTANDERES,GESTIONATECH,,"Monday, September 28, 2026","Tuesday, September 29, 2026",,,,,,
,LAURA,6040,Oficina,SABANA DE TORRES,Sabana De Torres,Santander,SANTANDERES,GESTIONATECH,,"Monday, October 19, 2026","Friday, October 23, 2026",,,,,,
,LAURA,6041,Oficina,CONTRATACION,Contratación,Santander,SANTANDERES,GESTIONATECH,,"Tuesday, October 13, 2026","Wednesday, October 14, 2026",,,,,,
,LAURA,6042,Oficina,SAN GIL,San Gil,Santander,SANTANDERES,GESTIONATECH,,"Monday, October 5, 2026","Wednesday, October 7, 2026",,,,,,
,LAURA,6043,Oficina,COROMORO,Coromoro,Santander,SANTANDERES,GESTIONATECH,,"Friday, October 9, 2026","Tuesday, October 13, 2026",,,,,,
,LAURA,6044,Oficina,SOCORRO,Socorro,Santander,SANTANDERES,GESTIONATECH,,"Friday, October 9, 2026","Tuesday, October 13, 2026",,,,,,
,LAURA,6045,Oficina,CHIMA,Chima,Santander,SANTANDERES,GESTIONATECH,,"Tuesday, October 13, 2026","Wednesday, October 14, 2026",,,,,,
,LAURA,6046,Oficina,VELEZ,Vélez,Santander,ORIENTE,GESTIONATECH,,"Wednesday, October 14, 2026","Thursday, October 15, 2026",,,,,,
,LAURA,6048,Oficina,ZAPATOCA,Zapatoca,Santander,SANTANDERES,GESTIONATECH,,"Monday, October 5, 2026","Tuesday, October 6, 2026",,,,,,
,LAURA,6050,Oficina,FLORIAN,Florián,Santander,ORIENTE,GESTIONATECH,,"Friday, October 16, 2026","Friday, October 16, 2026",,,,,,
,LAURA,6052,Oficina,GAMBITA,Gambita,Santander,ORIENTE,GESTIONATECH,,"Friday, October 16, 2026","Friday, October 16, 2026",,,,,,
,LAURA,6053,Oficina,GUACA,Guaca,Santander,SANTANDERES,GESTIONATECH,,"Tuesday, September 29, 2026","Wednesday, September 30, 2026",,,,,,
,LAURA,6054,Oficina,GUADALUPE,Guadalupe,Santander,SANTANDERES,GESTIONATECH,,"Tuesday, October 13, 2026","Wednesday, October 14, 2026",,,,,,
,LAURA,6055,Oficina,GUAVATA,Guavatá,Santander,ORIENTE,GESTIONATECH,,"Friday, October 16, 2026","Friday, October 16, 2026",,,,,,
,LAURA,6056,Oficina,GUEPSA,Güepsa,Santander,ORIENTE,GESTIONATECH,,"Wednesday, October 14, 2026","Thursday, October 15, 2026",,,,,,
,LAURA,6057,Oficina,JESUS MARIA,Jesús María,Santander,ORIENTE,GESTIONATECH,,"Thursday, October 15, 2026","Friday, October 16, 2026",,,,,,
,LAURA,6058,Oficina,LA BELLEZA,La Belleza,Santander,ORIENTE,GESTIONATECH,,"Thursday, October 15, 2026","Friday, October 16, 2026",,,,,,
,LAURA,6060,Oficina,LA PAZ,La Paz,Santander,ORIENTE,GESTIONATECH,,"Thursday, October 15, 2026","Friday, October 16, 2026",,,,,,
,LAURA,6062,Oficina,LANDAZURI,Landázuri,Santander,SANTANDERES,GESTIONATECH,,"Monday, October 19, 2026","Friday, October 23, 2026",,,,,,
,LAURA,6063,Oficina,LOS SANTOS,Los Santos,Santander,SANTANDERES,GESTIONATECH,,"Friday, October 2, 2026","Friday, October 2, 2026",,,,,,
,LAURA,6064,Oficina,MATANZA,Matanza,Santander,SANTANDERES,GESTIONATECH,,"Monday, October 5, 2026","Tuesday, October 6, 2026",,,,,,
,LAURA,6065,Oficina,MOGOTES,Mogotes,Santander,SANTANDERES,GESTIONATECH,,"Thursday, October 8, 2026","Friday, October 9, 2026",,,,,,
,LAURA,6066,Oficina,MOLAGAVITA,Molagavita,Santander,SANTANDERES,GESTIONATECH,,"Tuesday, September 29, 2026","Wednesday, September 30, 2026",,,,,,
,LAURA,6067,Oficina,ONZAGA,Onzaga,Santander,SANTANDERES,GESTIONATECH,,"Friday, October 9, 2026","Tuesday, October 13, 2026",,,,,,
,LAURA,6068,Oficina,SAN ANDRES,San Andrés,Santander,SANTANDERES,GESTIONATECH,,"Tuesday, September 29, 2026","Wednesday, September 30, 2026",,,,,,
,LAURA,6072,Oficina,SIMACOTA,Simacota,Santander,SANTANDERES,GESTIONATECH,,"Tuesday, October 13, 2026","Wednesday, October 14, 2026",,,,,,
,LAURA,6074,Oficina,CHIPATA,Chipatá,Santander,ORIENTE,GESTIONATECH,,"Wednesday, October 14, 2026","Thursday, October 15, 2026",,,,,,
,LAURA,6076,Oficina,SUCRE,Sucre,Santander,ORIENTE,GESTIONATECH,,"Friday, October 16, 2026","Friday, October 16, 2026",,,,,,
,LAURA,6077,Oficina,SURATA ,Suratá,Santander,SANTANDERES,GESTIONATECH,,"Tuesday, October 6, 2026","Wednesday, October 7, 2026",,,,,,
,LAURA,6078,Oficina,TONA,Tona,Santander,SANTANDERES,GESTIONATECH,,"Monday, October 5, 2026","Tuesday, October 6, 2026",,,,,,
,LAURA,6079,Oficina,VETAS,Vetas,Santander,SANTANDERES,GESTIONATECH,,"Wednesday, October 7, 2026","Thursday, October 8, 2026",,,,,,
,LAURA,6080,Oficina,EL CARMEN DE CHUCURI,El Carmen De Chucurí,Santander,SANTANDERES,GESTIONATECH,,"Wednesday, October 21, 2026","Wednesday, October 21, 2026",,,,,,
,LAURA,6081,Oficina,VILLANUEVA,Villanueva,Santander,SANTANDERES,GESTIONATECH,,"Thursday, October 8, 2026","Friday, October 9, 2026",,,,,,
,LAURA,6303,Oficina,SINCELEJO,Sincelejo,Sucre,COSTA,GESTIONATECH,,"Monday, October 5, 2026","Wednesday, October 7, 2026",,,,,,
,LAURA,6305,Oficina,BUENAVISTA,Buenavista,Sucre,COSTA,GESTIONATECH,,"Tuesday, September 15, 2026","Tuesday, September 15, 2026",,,,,,
,LAURA,6310,Oficina,CAIMITO,Caimito,Sucre,COSTA,GESTIONATECH,,"Wednesday, September 16, 2026","Wednesday, September 16, 2026",,,,,,
,LAURA,6314,Oficina,COROZAL,Corozal,Sucre,COSTA,GESTIONATECH,,"Tuesday, September 22, 2026","Tuesday, September 22, 2026",,,,,,
,LAURA,6315,Oficina,CENTRAL DE ABASTOS SINCELEJO,Sincelejo,Sucre,COSTA,GESTIONATECH,,"Monday, September 21, 2026","Monday, September 21, 2026",,,,,,
,LAURA,6320,Oficina,GALERAS,Galeras,Sucre,COSTA,GESTIONATECH,,"Thursday, September 24, 2026","Thursday, September 24, 2026",,,,,,
,LAURA,6324,Oficina,GUARANDA,Guaranda,Sucre,COSTA,GESTIONATECH,,"Monday, September 21, 2026","Monday, September 21, 2026",,,,,,
,LAURA,6330,Oficina,LA UNION,La Unión,Sucre,COSTA,GESTIONATECH,,"Tuesday, September 15, 2026","Tuesday, September 15, 2026",,,,,,
,LAURA,6335,Oficina,LOS PALMITOS,Los Palmitos,Sucre,COSTA,GESTIONATECH,,"Wednesday, September 30, 2026","Wednesday, September 30, 2026",,,,,,
,LAURA,6340,Oficina,MAJAGUAL,Majagual,Sucre,COSTA,GESTIONATECH,,"Wednesday, September 23, 2026","Wednesday, September 23, 2026",,,,,,
,LAURA,6350,Oficina,OVEJAS,Ovejas,Sucre,COSTA,GESTIONATECH,,"Tuesday, September 15, 2026","Tuesday, September 15, 2026",,,,,,
,LAURA,6360,Oficina,SAMPUES,Sampués,Sucre,COSTA,GESTIONATECH,,"Tuesday, September 29, 2026","Tuesday, September 29, 2026",,,,,,
,LAURA,6362,Oficina,SAN BENITO ABAD,San Benito Abad,Sucre,COSTA,GESTIONATECH,,"Thursday, September 17, 2026","Thursday, September 17, 2026",,,,,,
,LAURA,6364,Oficina,SAN MARCOS,San Marcos,Sucre,COSTA,GESTIONATECH,,"Monday, September 14, 2026","Monday, September 14, 2026",,,,,,
,LAURA,6366,Oficina,SAN ONOFRE,San Onofre,Sucre,COSTA,GESTIONATECH,,"Thursday, October 1, 2026","Thursday, October 1, 2026",,,,,,
,LAURA,6368,Oficina,SAN PEDRO,San Pedro,Sucre,COSTA,GESTIONATECH,,"Wednesday, September 16, 2026","Wednesday, September 16, 2026",,,,,,
,LAURA,6370,Oficina,SINCE,San Luis De Sincé,Sucre,COSTA,GESTIONATECH,,"Friday, September 25, 2026","Friday, September 25, 2026",,,,,,
,LAURA,6372,Oficina,SUCRE,Sucre,Sucre,COSTA,GESTIONATECH,,"Friday, September 25, 2026","Friday, September 25, 2026",,,,,,
,LAURA,6380,Oficina,TOLU,Santiago De Tolú,Sucre,COSTA,GESTIONATECH,,"Monday, September 7, 2026","Monday, September 7, 2026",,,,,,
,LAURA,6382,Oficina,TOLUVIEJO,Tolú Viejo,Sucre,COSTA,GESTIONATECH,,"Wednesday, September 23, 2026","Wednesday, September 23, 2026",,,,,,
,SANTIAGO,6601,Oficina,IBAGUE,Ibagué,Tolima,SUR,REGIONAL,,"Tuesday, October 6, 2026","Friday, October 16, 2026",,,,,,
,LAURA,6605,Oficina,ALVARADO,Alvarado,Tolima,SUR,GESTIONATECH,,"Friday, September 4, 2026","Friday, September 4, 2026",,,,,,
,LAURA,6606,Oficina,LÉRIDA,Lérida,Tolima,SUR,GESTIONATECH,,"Thursday, September 10, 2026","Thursday, September 10, 2026",,,,,,
,SANTIAGO,6607,Oficina,CAJAMARCA,Cajamarca,Tolima,SUR,ALIADO NATURAL,,"Tuesday, September 1, 2026","Wednesday, September 2, 2026",En proceso,OK,OK,,1/092026,
,LAURA,6608,Oficina,MARIQUITA,Mariquita,Tolima,SUR,GESTIONATECH,,"Friday, November 6, 2026","Friday, November 6, 2026",,,,,,
,LAURA,6609,Oficina,ICONONZO,Icononzo,Tolima,SUR,GESTIONATECH,,"Friday, September 4, 2026","Friday, September 4, 2026",,,,,,
,LAURA,6610,Oficina,HONDA,Honda,Tolima,SUR,GESTIONATECH,,"Wednesday, November 4, 2026","Wednesday, November 4, 2026",,,,,,
,LAURA,6613,Oficina,CHAPARRAL,Chaparral,Tolima,SUR,GESTIONATECH,,"Wednesday, September 9, 2026","Thursday, September 10, 2026",,,,,,
,LAURA,6614,Oficina,HERVEO,Herveo,Tolima,CAFETERA,GESTIONATECH,,"Tuesday, October 20, 2026","Thursday, October 22, 2026",,,,,,
,LAURA,6617,Oficina,GUAMO,Guamo,Tolima,SUR,GESTIONATECH,,"Monday, September 7, 2026","Monday, September 7, 2026",,,,,,
,LAURA,6618,Oficina,MURILLO,Murillo,Tolima,SUR,GESTIONATECH,,"Wednesday, November 11, 2026","Wednesday, November 11, 2026",,,,,,
,LAURA,6619,Oficina,NATAGAIMA,Natagaima,Tolima,SUR,GESTIONATECH,,"Tuesday, September 15, 2026","Wednesday, September 16, 2026",,,,,,
,LAURA,6621,Oficina,ORTEGA,Ortega,Tolima,SUR,GESTIONATECH,,"Wednesday, September 9, 2026","Thursday, September 10, 2026",,,,,,
,LAURA,6622,Oficina,FALAN,Falan,Tolima,SUR,GESTIONATECH,,"Thursday, November 19, 2026","Thursday, November 19, 2026",,,,,,
,LAURA,6623,Oficina,ALPUJARRA,Alpujarra,Tolima,SUR,GESTIONATECH,,"Tuesday, September 22, 2026","Tuesday, September 22, 2026",,,,,,
,LAURA,6624,Oficina,PALOCABILDO,Palocabildo,Tolima,SUR,GESTIONATECH,,"Friday, November 13, 2026","Friday, November 13, 2026",,,,,,
,LAURA,6625,Oficina,PURIFICACION,Purificación,Tolima,SUR,GESTIONATECH,,"Wednesday, September 23, 2026","Wednesday, September 23, 2026",,,,,,
,LAURA,6626,Oficina,CASABIANCA,Casabianca,Tolima,SUR,GESTIONATECH,,"Friday, November 20, 2026","Friday, November 20, 2026",,,,,,
,SANTIAGO,6627,Oficina,ANZOATEGUI,Anzoátegui,Tolima,SUR,ALIADO NATURAL,,"Tuesday, September 1, 2026","Tuesday, September 1, 2026",En proceso,OK,OK,,1/092026,
,LAURA,6628,Oficina,VILLAHERMOSA,Villahermosa,Tolima,SUR,GESTIONATECH,,"Thursday, November 12, 2026","Thursday, November 12, 2026",,,,,,
,LAURA,6630,Oficina,GUAYABAL,Guayabal,Tolima,SUR,GESTIONATECH,,"Wednesday, November 18, 2026","Wednesday, November 18, 2026",,,,,,
,LAURA,6631,Oficina,COELLO,Coello,Tolima,SUR,GESTIONATECH,,"Wednesday, September 2, 2026","Wednesday, September 2, 2026",,,,,,
,LAURA,6632,Oficina,VILLARRICA,Villarrica,Tolima,SUR,GESTIONATECH,,"Tuesday, November 24, 2026","Tuesday, November 24, 2026",,,,,,
,LAURA,6633,Oficina,COYAIMA,Coyaima,Tolima,SUR,GESTIONATECH,,"Thursday, September 17, 2026","Friday, September 18, 2026",,,,,,
,LAURA,6634,Oficina,CUNDAY,Cunday,Tolima,SUR,GESTIONATECH,,"Tuesday, November 24, 2026","Tuesday, November 24, 2026",,,,,,
,LAURA,6635,Oficina,ESPINAL,Espinal,Tolima,SUR,GESTIONATECH,,"Tuesday, October 20, 2026","Thursday, October 22, 2026",,,,,,
,LAURA,6638,Oficina,LIBANO,Líbano,Tolima,SUR,GESTIONATECH,,"Tuesday, November 10, 2026","Tuesday, November 10, 2026",,,,,,
,LAURA,6639,Oficina,HERRERA Corregimiento (Del Municipio de Rioblanco - Tolima),Rioblanco,Tolima,SUR,GESTIONATECH,,"Wednesday, September 16, 2026","Thursday, September 17, 2026",,,,,,
,SANTIAGO,6640,Oficina,CARMEN DE APICALA,Carmen De Apicalá,Tolima,SUR,ALIADO NATURAL,,"Tuesday, September 1, 2026","Tuesday, September 1, 2026",En proceso,OK,OK,,1/092026,
,LAURA,6641,Oficina,PIEDRAS,Piedras,Tolima,SUR,GESTIONATECH,,"Thursday, September 3, 2026","Thursday, September 3, 2026",,,,,,
,SANTIAGO,6642,Oficina,PLANADAS,Planadas,Tolima,SUR,ALIADO NATURAL,,"Tuesday, September 1, 2026","Wednesday, September 2, 2026",En proceso,OK,OK,,1/092026,
,LAURA,6645,Oficina,PRADO,Prado,Tolima,SUR,GESTIONATECH,,"Tuesday, September 22, 2026","Tuesday, September 22, 2026",,,,,,
,LAURA,6646,Oficina,RIOBLANCO,Rioblanco,Tolima,SUR,GESTIONATECH,,"Tuesday, September 15, 2026","Wednesday, September 16, 2026",,,,,,
,LAURA,6647,Oficina,RONCESVALLES,Roncesvalles,Tolima,SUR,GESTIONATECH,,"Tuesday, November 24, 2026","Tuesday, November 24, 2026",,,,,,
,LAURA,6648,Oficina,DOLORES,Dolores,Tolima,SUR,GESTIONATECH,,"Wednesday, September 23, 2026","Wednesday, September 23, 2026",,,,,,
,LAURA,6649,Oficina,ATACO,Ataco,Tolima,SUR,GESTIONATECH,,"Thursday, September 24, 2026","Thursday, September 24, 2026",,,,,,
,LAURA,6650,Oficina,SALDAÑA,Saldaña,Tolima,SUR,GESTIONATECH,,"Tuesday, September 29, 2026","Wednesday, September 30, 2026",,,,,,
,LAURA,6651,Oficina,FRESNO,Fresno,Tolima,SUR,GESTIONATECH,,"Thursday, November 5, 2026","Thursday, November 5, 2026",,,,,,
,LAURA,6652,Oficina,SAN ANTONIO,San Antonio,Tolima,SUR,GESTIONATECH,,"Tuesday, September 29, 2026","Wednesday, September 30, 2026",,,,,,
,LAURA,6653,Oficina,SAN LUIS,San Luis,Tolima,SUR,GESTIONATECH,,"Friday, September 4, 2026","Friday, September 4, 2026",,,,,,
,LAURA,6654,Oficina,SANTA ISABEL,Santa Isabel,Tolima,SUR,GESTIONATECH,,"Wednesday, September 2, 2026","Wednesday, September 2, 2026",,,,,,
,LAURA,6657,Oficina,SUAREZ,Suárez,Tolima,SUR,GESTIONATECH,,"Thursday, September 3, 2026","Thursday, September 3, 2026",,,,,,
,LAURA,6660,Oficina,ROVIRA,Rovira,Tolima,SUR,GESTIONATECH,,"Tuesday, October 6, 2026","Wednesday, October 7, 2026",,,,,,
,LAURA,6670,Oficina,VENADILLO,Venadillo,Tolima,SUR,GESTIONATECH,,"Tuesday, September 8, 2026","Tuesday, September 8, 2026",,,,,,
,LAURA,6680,Oficina,VALLE DE SAN JUAN,Valle De San Juan,Tolima,SUR,GESTIONATECH,,"Thursday, September 3, 2026","Thursday, September 3, 2026",,,,,,
,YULIANA,6901,Oficina,ALCALA,Alcalá,Valle del Cauca,CAFETERA,INSARED,,"Wednesday, October 14, 2026","Wednesday, October 14, 2026",,,,,,
,YULIANA,6903,Oficina,CALI SUCURSAL,Cali,Valle del Cauca,OCCIDENTE,INSARED,,"Tuesday, November 10, 2026","Wednesday, November 11, 2026",,,,,,
,YULIANA,6910,Oficina,VIJES,Vijes,Valle del Cauca,OCCIDENTE,INSARED,,"Thursday, October 1, 2026","Thursday, October 1, 2026",,,,,,
,YULIANA,6913,Oficina,GINEBRA,Ginebra,Valle del Cauca,OCCIDENTE,INSARED,,"Wednesday, October 14, 2026","Wednesday, October 14, 2026",,,,,,
,YULIANA,6915,Oficina,CALI  AVENIDA TERCERA NORTE,Cali,Valle del Cauca,OCCIDENTE,INSARED,,"Friday, November 13, 2026","Friday, November 13, 2026",,,,,,
,YULIANA,6916,Oficina,SILVIA,Silvia,Cauca,OCCIDENTE,INSARED,,"Monday, September 21, 2026","Monday, September 21, 2026",,,,,,
,YULIANA,6917,Oficina,TIMBIO,Timbío,Cauca,OCCIDENTE,INSARED,,"Tuesday, September 8, 2026","Wednesday, September 9, 2026",,,,,,
,SANTIAGO,6918,Oficina,POPAYAN,Popayán,Cauca,OCCIDENTE,REGIONAL,,"Tuesday, October 6, 2026","Friday, October 16, 2026",,,,,,
,YULIANA,6920,Oficina,SANTANDER DE QUILICHAO,Santander De Quilichao,Cauca,OCCIDENTE,INSARED,,"Thursday, September 17, 2026","Friday, September 18, 2026",,,,,,
,YULIANA,6921,Oficina,PUERTO TEJADA,Puerto Tejada,Cauca,OCCIDENTE,INSARED,,"Monday, September 28, 2026","Monday, September 28, 2026",,,,,,
,YULIANA,6922,Oficina,PIENDAMO,Piendamó,Cauca,OCCIDENTE,INSARED,,"Thursday, September 24, 2026","Thursday, September 24, 2026",,,,,,
,YULIANA,6924,Oficina,BOLIVAR,Bolívar,Valle del Cauca,CAFETERA,INSARED,OFICINA CERRADA,"Tuesday, November 3, 2026","Tuesday, November 3, 2026",,,,,,
,YULIANA,6925,Oficina,CALI  PASOANCHO,Cali,Valle del Cauca,OCCIDENTE,INSARED,,"Thursday, November 12, 2026","Thursday, November 12, 2026",,,,,,
,YULIANA,6926,Oficina,EL AGUILA,El Águila,Valle del Cauca,CAFETERA,INSARED,OFICINA CERRADA,"Friday, October 23, 2026","Friday, October 23, 2026",,,,,,
,YULIANA,6928,Oficina,JAMUNDÍ,Jamundí,Valle del Cauca,OCCIDENTE,INSARED,,"Monday, October 5, 2026","Monday, October 5, 2026",,,,,,
,YULIANA,6931,Oficina,LA CUMBRE,La Cumbre,Valle del Cauca,OCCIDENTE,INSARED,,"Friday, October 2, 2026","Friday, October 2, 2026",,,,,,
,YULIANA,6932,Oficina,NARANJAL (Corregimiento del municipio de Bolivar - Valle del Cauca),Bolívar,Valle del Cauca,CAFETERA,INSARED,OFICINA CERRADA,"Wednesday, November 4, 2026","Wednesday, November 4, 2026",,,,,,
,YULIANA,6935,Oficina,ANSERMANUEVO,Ansermanuevo,Valle del Cauca,CAFETERA,INSARED,OFICINA CERRADA,"Friday, November 27, 2026","Friday, November 27, 2026",,,,,,
,YULIANA,6940,Oficina,PALMIRA,Palmira,Valle del Cauca,OCCIDENTE,INSARED,,"Thursday, November 5, 2026","Thursday, November 5, 2026",,,,,,
,YULIANA,6941,Oficina,PRADERA,Pradera,Valle del Cauca,OCCIDENTE,INSARED,,"Friday, November 6, 2026","Friday, November 6, 2026",,,,,,
,YULIANA,6943,Oficina,FLORIDA,Florida,Valle del Cauca,OCCIDENTE,INSARED,,"Wednesday, November 4, 2026","Wednesday, November 4, 2026",,,,,,
,YULIANA,6950,Oficina,SEVILLA,Sevilla,Valle del Cauca,CAFETERA,INSARED,,"Tuesday, November 24, 2026","Wednesday, November 25, 2026",,,,,,
,YULIANA,6952,Oficina,TRUJILLO,Trujillo,Valle del Cauca,OCCIDENTE,INSARED,,"Wednesday, October 21, 2026","Wednesday, October 21, 2026",,,,,,
,YULIANA,6954,Oficina,RIOFRIO,Riofrío,Valle del Cauca,OCCIDENTE,INSARED,,"Tuesday, October 20, 2026","Tuesday, October 20, 2026",,,,,,
,YULIANA,6955,Oficina,TULUA,Tuluá,Valle del Cauca,OCCIDENTE,INSARED,,"Monday, October 19, 2026","Monday, October 19, 2026",,,,,,
,YULIANA,6963,Oficina,BUENAVENTURA,Buenaventura,Valle del Cauca,OCCIDENTE,INSARED,OFICINA CERRADA,"Tuesday, November 17, 2026","Friday, November 20, 2026",,,,,,
,YULIANA,6964,Oficina,DARIEN,Calima,Valle del Cauca,OCCIDENTE,INSARED,,"Tuesday, October 27, 2026","Tuesday, October 27, 2026",,,,,,
,YULIANA,6965,Oficina,EL CERRITO,El Cerrito,Valle del Cauca,OCCIDENTE,INSARED,,"Tuesday, October 13, 2026","Tuesday, October 13, 2026",,,,,,
,YULIANA,6967,Oficina,GUACARI,Guacarí,Valle del Cauca,OCCIDENTE,INSARED,,"Thursday, October 29, 2026","Thursday, October 29, 2026",,,,,,
,YULIANA,6970,Oficina,ROLDANILLO,Roldanillo,Valle del Cauca,CAFETERA,INSARED,OFICINA CERRADA,"Monday, November 9, 2026","Tuesday, November 10, 2026",,,,,,
,YULIANA,6971,Oficina,CANDELARIA,Candelaria,Valle del Cauca,OCCIDENTE,INSARED,,"Thursday, October 22, 2026","Thursday, October 22, 2026",,,,,,
,YULIANA,6972,Oficina,ZARZAL,Zarzal,Valle del Cauca,CAFETERA,INSARED,,"Monday, October 26, 2026","Monday, October 26, 2026",,,,,,
,YULIANA,6974,Oficina,TORO,Toro,Valle del Cauca,CAFETERA,INSARED,,"Friday, November 20, 2026","Friday, November 20, 2026",,,,,,
,YULIANA,6975,Oficina,CANDELARIA - CAVASA,Candelaria,Valle del Cauca,OCCIDENTE,INSARED,,"Friday, October 9, 2026","Friday, October 9, 2026",,,,,,
,YULIANA,6976,Oficina,DAGUA,Dagua,Valle del Cauca,OCCIDENTE,INSARED,,"Tuesday, October 6, 2026","Tuesday, October 6, 2026",,,,,,
,YULIANA,6977,Oficina,GUADALAJARA DE BUGA,Guadalajara de Buga,Valle del Cauca,OCCIDENTE,INSARED,,"Wednesday, October 28, 2026","Wednesday, October 28, 2026",,,,,,
,YULIANA,6978,Oficina,CARTAGO,Cartago,Valle del Cauca,CAFETERA,INSARED,OFICINA CERRADA,"Monday, October 19, 2026","Wednesday, October 21, 2026",,,,,,
,YULIANA,6982,Oficina,ULLOA,Ulloa,Valle del Cauca,CAFETERA,INSARED,,"Thursday, October 15, 2026","Thursday, October 15, 2026",,,,,,
,CLAUDIA,3980,Oficina,VILLAVIEJA,Villavieja,Huila,SUR,COBERTURA,,"Wednesday, September 9, 2026","Thursday, September 10, 2026",,,,,,
,CLAUDIA,7935,Oficina,PUERTO LEGUIZAMO,Puerto Leguízamo,Putumayo,SUR,COBERTURA,,"Tuesday, September 8, 2026","Tuesday, September 8, 2026",,,,,,
,CLAUDIA,7950,Oficina,VILLAGARZON,Villagarzón,Putumayo,SUR,COBERTURA,,"Thursday, September 17, 2026","Thursday, September 17, 2026",,,,,,
,CLAUDIA,7960,Oficina,PUERTO GUZMAN,Puerto Guzmán,Putumayo,SUR,COBERTURA,,"Friday, September 18, 2026","Friday, September 18, 2026",,,,,,
,CLAUDIA,7303,Oficina,ARAUCA,Arauca,Arauca,BOGOTA,COBERTURA,B3319YCWP03000 - Equipo regional,"Tuesday, September 1, 2026","Tuesday, September 1, 2026",En proceso,,,B3319YCWP03000 - Equipo regional,,
,CLAUDIA,7305,Oficina,ARAUQUITA,Arauquita,Arauca,BOGOTA,COBERTURA,,"Wednesday, September 2, 2026","Thursday, September 3, 2026",,,,,,
,CLAUDIA,7310,Oficina,CRAVO NORTE,Cravo Norte,Arauca,BOGOTA,COBERTURA,,"Monday, September 28, 2026","Tuesday, September 29, 2026",,,,,,
,CLAUDIA,7315,Oficina,FORTUL,Fortul,Arauca,BOGOTA,COBERTURA,,"Monday, September 14, 2026","Tuesday, September 15, 2026",,,,,,
,LAURA,7501,Oficina,ALBANIA,Albania,Caquetá,SUR,GESTIONATECH,,"Tuesday, November 10, 2026","Tuesday, November 10, 2026",,,,,,
,LAURA,7503,Oficina,FLORENCIA,Florencia,Caquetá,SUR,GESTIONATECH,,"Thursday, November 5, 2026","Thursday, November 5, 2026",,,,,,
,LAURA,7510,Oficina,BELEN DE LOS ANDAQUIES,Belén De Los Andaquíes,Caquetá,SUR,GESTIONATECH,,"Thursday, October 22, 2026","Thursday, October 22, 2026",,,,,,
,LAURA,7514,Oficina,CARTAGENA DEL CHAIRA,Cartagena Del Chairá,Caquetá,SUR,GESTIONATECH,,"Tuesday, November 3, 2026","Tuesday, November 3, 2026",,,,,,
,LAURA,7520,Oficina,EL DONCELLO,El Doncello,Caquetá,SUR,GESTIONATECH,,"Thursday, October 29, 2026","Thursday, October 29, 2026",,,,,,
,LAURA,7525,Oficina,EL PAUJIL,El Paujil,Caquetá,SUR,GESTIONATECH,,"Wednesday, November 4, 2026","Wednesday, November 4, 2026",,,,,,
,LAURA,7540,Oficina,LA MONTAÑITA,La Montañita,Caquetá,SUR,GESTIONATECH,,"Wednesday, October 21, 2026","Wednesday, October 21, 2026",,,,,,
,LAURA,7545,Oficina,MILAN,Milán,Caquetá,SUR,GESTIONATECH,,"Tuesday, October 20, 2026","Tuesday, October 20, 2026",,,,,,
,LAURA,7560,Oficina,PUERTO RICO,Puerto Rico,Caquetá,SUR,GESTIONATECH,,"Wednesday, October 28, 2026","Wednesday, October 28, 2026",,,,,,
,LAURA,7565,Oficina,SAN VICENTE DEL CAGUAN,San Vicente Del Caguán,Caquetá,SUR,GESTIONATECH,,"Monday, October 26, 2026","Tuesday, October 27, 2026",,,,,,
,LAURA,7567,Oficina,SOLANO,Solano,Caquetá,SUR,GESTIONATECH,,"Monday, October 19, 2026","Monday, October 19, 2026",,,,,,
,LAURA,7580,Oficina,VALPARAISO,Valparaíso,Caquetá,SUR,GESTIONATECH,,"Wednesday, November 18, 2026","Wednesday, November 18, 2026",,,,,,
,LAURA,7703,Oficina,PUERTO INIRIDA,Inírida,Guainía,BOGOTA,GESTIONATECH,,"Thursday, September 3, 2026","Wednesday, September 9, 2026",,,,,,
,CLAUDIA,7350,Oficina,PUERTO RONDON,Puerto Rondón,Arauca,BOGOTA,COBERTURA,,"Wednesday, September 16, 2026","Thursday, September 17, 2026",,,,,,
,CLAUDIA,7360,Oficina,SARAVENA,Saravena,Arauca,BOGOTA,COBERTURA,,"Monday, September 7, 2026","Tuesday, September 8, 2026",,,,,,
,CLAUDIA,7370,Oficina,TAME,Tame,Arauca,BOGOTA,COBERTURA,,"Monday, September 21, 2026","Tuesday, September 22, 2026",,,,,,
,CLAUDIA,7910,Oficina,LA HORMIGA,La Hormiga,Putumayo,SUR,COBERTURA,,"Friday, September 11, 2026","Friday, September 11, 2026",,,,,,
,CLAUDIA,7920,Oficina,ORITO,Orito,Putumayo,SUR,COBERTURA,,"Wednesday, September 16, 2026","Wednesday, September 16, 2026",,,,,,
,CLAUDIA,7930,Oficina,PUERTO ASIS,Puerto Asís,Putumayo,SUR,COBERTURA,,"Friday, September 18, 2026","Friday, September 18, 2026",,,,,,
,CLAUDIA,7940,Oficina,SAN MIGUEL,San Miguel,Putumayo,SUR,COBERTURA,,"Wednesday, September 9, 2026","Wednesday, September 9, 2026",,,,,,
,CLAUDIA,7901,Oficina,SIBUNDOY,Sibundoy,Putumayo,SUR,COBERTURA,,"Tuesday, September 1, 2026","Wednesday, September 2, 2026",En proceso,,,,,
,CLAUDIA,8103,Oficina,SAN ANDRES,San Andrés,"Archipiélago de San Andrés, Providencia y Santa Catalina",COSTA,COBERTURA,,"Wednesday, September 9, 2026","Thursday, September 10, 2026",,,,,,
,CLAUDIA,7903,Oficina,MOCOA,Mocoa,Putumayo,SUR,COBERTURA,,"Tuesday, September 15, 2026","Tuesday, September 15, 2026",,,,,,
,CLAUDIA,8110,Oficina,PROVIDENCIA,Providencia,"Archipiélago de San Andrés, Providencia y Santa Catalina",COSTA,COBERTURA,,"Wednesday, September 9, 2026","Thursday, September 10, 2026",,,,,,
,LAURA,8303,Oficina,SAN JOSE DEL GUAVIARE,San José Del Guaviare,Guaviare,BOGOTA,GESTIONATECH,,"Thursday, September 3, 2026","Friday, September 4, 2026",,,,,,
,LAURA,8315,Oficina,MIRAFLORES,Miraflores,Guaviare,BOGOTA,GESTIONATECH,,"Tuesday, October 6, 2026","Wednesday, October 7, 2026",,,,,,
,LAURA,8420,Oficina,MITU,Mitú,Vaupés,BOGOTA,GESTIONATECH,,"Monday, September 28, 2026","Wednesday, September 30, 2026",,,,,,
,LAURA,8503,Oficina,PUERTO CARREÑO,Puerto Carreño,Vichada,BOGOTA,GESTIONATECH,,"Thursday, September 3, 2026","Friday, September 4, 2026",,,,,,
,LAURA,8505,Oficina,CUMARIBO,Cumaribo,Vichada,BOGOTA,GESTIONATECH,,"Wednesday, September 2, 2026","Wednesday, September 9, 2026",,,,,,
,SANTIAGO,8510,Oficina,LA PRIMAVERA,La Primavera,Vichada,BOGOTA,GESTIONATECH,,"Tuesday, September 1, 2026","Monday, September 7, 2026",Programada,,,,,
,LAURA,8520,Oficina,SANTA ROSALIA,Santa Rosalía,Vichada,BOGOTA,GESTIONATECH,,"Tuesday, September 15, 2026","Friday, September 18, 2026",,,,,,
,LAURA,8601,Oficina,AGUAZUL,Aguazul,Casanare,ORIENTE,GESTIONATECH,,"Monday, September 7, 2026","Tuesday, September 8, 2026",,,,,,
,LAURA,8603,Oficina,YOPAL,Yopal,Casanare,ORIENTE,GESTIONATECH,,"Wednesday, September 2, 2026","Friday, September 4, 2026",,,,,,
,LAURA,8610,Oficina,HATO COROZAL,Hato Corozal,Casanare,ORIENTE,GESTIONATECH,,"Monday, October 5, 2026","Tuesday, October 6, 2026",,,,,,
,LAURA,8615,Oficina,MANI,Maní,Casanare,ORIENTE,GESTIONATECH,,"Tuesday, September 15, 2026","Wednesday, September 16, 2026",,,,,,
,LAURA,8620,Oficina,MONTERREY,Monterrey,Casanare,ORIENTE,GESTIONATECH,,"Wednesday, October 7, 2026","Thursday, October 8, 2026",,,,,,
,LAURA,8623,Oficina,NUNCHIA,Nunchía,Casanare,ORIENTE,GESTIONATECH,,"Wednesday, September 9, 2026","Thursday, September 10, 2026",,,,,,
,LAURA,8630,Oficina,OROCUE,Orocué,Casanare,BOGOTA,GESTIONATECH,,"Tuesday, September 29, 2026","Wednesday, September 30, 2026",,,,,,
,LAURA,8635,Oficina,PARATEBUENO,Paratebueno,Cundinamarca,BOGOTA,GESTIONATECH,,"Tuesday, September 15, 2026","Tuesday, September 15, 2026",,,,,,
,LAURA,8640,Oficina,VILLANUEVA,Villanueva,Casanare,ORIENTE,GESTIONATECH,,"Friday, October 9, 2026","Tuesday, October 13, 2026",,,,,,
,LAURA,8645,Oficina,PAZ DE ARIPORO,Paz De Ariporo,Casanare,ORIENTE,GESTIONATECH,,"Monday, September 21, 2026","Tuesday, September 22, 2026",,,,,,
,LAURA,8646,Oficina,PORE,Pore,Casanare,ORIENTE,GESTIONATECH,,"Thursday, September 17, 2026","Friday, September 18, 2026",,,,,,
,LAURA,8648,Oficina,SABANALARGA,Sabanalarga,Casanare,ORIENTE,GESTIONATECH,,"Wednesday, October 14, 2026","Thursday, October 15, 2026",,,,,,
,LAURA,8650,Oficina,SAN LUIS DE PALENQUE,San Luis De Palenque,Casanare,ORIENTE,GESTIONATECH,,"Wednesday, September 23, 2026","Thursday, September 24, 2026",,,,,,
,LAURA,8660,Oficina,TAMARA,Támara,Casanare,ORIENTE,GESTIONATECH,,"Thursday, October 1, 2026","Friday, October 2, 2026",,,,,,
,LAURA,8663,Oficina,TAURAMENA,Tauramena,Casanare,ORIENTE,GESTIONATECH,,"Friday, September 11, 2026","Monday, September 14, 2026",,,,,,
,LAURA,8665,Oficina,TRINIDAD,Trinidad,Casanare,ORIENTE,GESTIONATECH,,"Friday, September 25, 2026","Monday, September 28, 2026",,,,,,
,SANTIAGO,1300,Regional,GERENCIA REGIONAL ANTIOQUIA,Medellin,Antioquia,ANTIOQUIA,REGIONAL,,"Monday, September 7, 2026","Friday, December 11, 2026",,,,,,
,SANTIAGO,3000,Regional,GERENCIA REGIONAL BOGOTA,"Bogotá, D.C.",Cundinamarca,BOGOTA,REGIONAL,,"Monday, September 7, 2026","Friday, December 11, 2026",,,,,,
,SANTIAGO,1800,Regional,REGIONAL REGIONAL CAFETERA,Manizales,Caldas,CAFETERA,REGIONAL,,"Monday, September 7, 2026","Friday, December 11, 2026",,,,,,
,SANTIAGO,1600,Regional,REGIONAL REGIONAL COSTA,Barranquilla,Atlantico,COSTA,REGIONAL,,"Monday, September 7, 2026","Friday, December 11, 2026",,,,,,
,SANTIAGO,6900,Regional,REGIONAL REGIONAL OCCIDENTE,Cali,Valle del Cauca,OCCIDENTE,REGIONAL,,"Monday, September 7, 2026","Friday, December 11, 2026",,,,,,
,SANTIAGO,1500,Regional,REGIONAL REGIONAL ORIENTE,Tunja,Boyaca,ORIENTE,REGIONAL,,"Monday, September 7, 2026","Friday, December 11, 2026",,,,,,
,SANTIAGO,6000,Regional,REGIONAL REGIONAL SANTANDERES,Bucaramanga,Santander,SANTANDERES,REGIONAL,,"Monday, September 7, 2026","Friday, December 11, 2026",,,,,,
,SANTIAGO,3900,Regional,REGIONAL REGIONAL SUR,Neiva,Huila,SUR,REGIONAL,,"Monday, September 7, 2026","Friday, December 11, 2026",,,,,,
,SANTIAGO,9000,DG,AVIANCA,"Bogotá, D.C.",Cundinamarca,DIRECCION GENERAL,GESTIONATECH,,"Tuesday, September 1, 2026","Friday, December 11, 2026",Programada,,,,1/092026,
,SANTIAGO,1411,DG,COA TOCANCIPA,Tocancipa,Cundinamarca,COA,GESTIONATECH,,"Tuesday, September 15, 2026","Thursday, September 17, 2026",,,,,,
,SANTIAGO,9000,DG,DIRECCION GENERAL,"Bogotá, D.C.",Cundinamarca,DIRECCION GENERAL,GESTIONATECH,,"Tuesday, September 1, 2026","Friday, December 11, 2026",Programada,,,,1/092026,
,SANTIAGO,9000,DG,SUDAMERIS,"Bogotá, D.C.",Cundinamarca,DIRECCION GENERAL,GESTIONATECH,,"Tuesday, September 1, 2026","Friday, December 11, 2026",Programada,,,,1/092026,
,SANTIAGO,1600,Jefatura,Jefatura de Operaciones Barranquilla,Barranquilla,Atlántico,COSTA,REGIONAL,,"Monday, September 7, 2026","Friday, December 11, 2026",,,,,,
,SANTIAGO,3000,Jefatura,Jefatura de Operaciones Bogotá COB,Bogota,Cundinamarca,BOGOTA,REGIONAL,,"Monday, September 7, 2026","Friday, December 11, 2026",,,,,,
,SANTIAGO,3000,Jefatura,Jefatura de Operaciones Villavicencio,Villavicencio,Meta,BOGOTA,REGIONAL,,"Monday, September 7, 2026","Friday, December 11, 2026",,,,,,
,SANTIAGO,1300,Jefatura,Jefatura de Operaciones Medellin COB,Medellín,Antioquia,ANTIOQUIA,REGIONAL,,"Monday, September 7, 2026","Friday, December 11, 2026",,,,,,
,SANTIAGO,1300,Jefatura,Jefatura de Operaciones Monteria,Montería,Córdoba,ANTIOQUIA,REGIONAL,,"Monday, September 7, 2026","Friday, December 11, 2026",,,,,,
,SANTIAGO,6900,Jefatura,Jefatura de Operaciones Cali COB,Cali,Valle del Cauca,OCCIDENTE,REGIONAL,,"Monday, September 7, 2026","Friday, December 11, 2026",,,,,,
,SANTIAGO,6900,Jefatura,Jefatura de Operaciones Pasto,Pasto,Nariño,OCCIDENTE,REGIONAL,,"Monday, September 7, 2026","Friday, December 11, 2026",,,,,,
,SANTIAGO,6900,Jefatura,Jefatura de Operaciones POPAYAN,Popayán,Cauca,OCCIDENTE,REGIONAL,,"Monday, September 7, 2026","Friday, December 11, 2026",,,,,,
,SANTIAGO,1600,Jefatura,Jefatura de Operaciones SINCELEJO,Sincelejo,Sucre,COSTA,REGIONAL,,"Monday, September 7, 2026","Friday, December 11, 2026",,,,,,
,SANTIAGO,1600,Jefatura,Jefatura de Operaciones Valledupar,Valledupar,Cesar,COSTA,REGIONAL,,"Monday, September 7, 2026","Friday, December 11, 2026",,,,,,
,SANTIAGO,1800,Jefatura,Jefatura de Operaciones Manizales COB,Manizales,Caldas,CAFETERA,REGIONAL,,"Monday, September 7, 2026","Friday, December 11, 2026",,,,,,
,SANTIAGO,1500,Jefatura,Jefatura de Operaciones Tunja COB,Tunja,Boyacá,ORIENTE,REGIONAL,,"Monday, September 7, 2026","Friday, December 11, 2026",,,,,,
,SANTIAGO,6000,Jefatura,Jefatura de Operaciones Bucaramanga COB,Bucaramanga,Santander,SANTANDERES,REGIONAL,,"Monday, September 7, 2026","Friday, December 11, 2026",,,,,,
,SANTIAGO,6000,Jefatura,Jefatura de Operaciones Cúcuta COB,Cúcuta,Norte de Santander,SANTANDERES,REGIONAL,,"Monday, September 7, 2026","Friday, December 11, 2026",,,,,,
,SANTIAGO,3900,Jefatura,Jefatura de Operaciones Neiva COB,Neiva,Huila,SUR,REGIONAL,,"Monday, September 7, 2026","Friday, December 11, 2026",,,,,,
,SANTIAGO,3900,Jefatura,Jefatura de Operaciones IBAGUE,Ibagué,Tolima,SUR,REGIONAL,,"Monday, September 7, 2026","Friday, December 11, 2026",,,,,,
,,,,,,,,,,,,Programada,,,,,
,,,,,,,,,,,,Programada,,,,,
,,,,,,,,,,,,Programada,,,,,
,,,,,,,,,,,,Programada,,,,,
,,,,,,,,,,,,Programada,,,,,
,,,,,,,,,,,,Programada,,,,,
,,,,,,,,,,,,Programada,,,,,
,,,,,,,,,,,,Programada,,,,,
,,,,,,,,,,,,Programada,,,,,
,,,,,,,,,,,,Programada,,,,,
,,,,,,,,,,,,Programada,,,,,
,,,,,,,,,,,,Programada,,,,,
,,,,,,,,,,,,Programada,,,,,
,,,,,,,,,,,,Programada,,,,,
,,,,,,,,,,,,Programada,,,,,
,,,,,,,,,,,,Programada,,,,,
,,,,,,,,,,,,Programada,,,,,
,,,,,,,,,,,,Programada,,,,,
,,,,,,,,,,,,Programada,,,,,
,,,,,,,,,,,,Programada,,,,,
,,,,,,,,,,,,Programada,,,,,
,,,,,,,,,,,,Programada,,,,,
,,,,,,,,,,,,Programada,,,,,
,,,,,,,,,,,,Programada,,,,,
,,,,,,,,,,,,Programada,,,,,
,,,,,,,,,,,,Programada,,,,,
,,,,,,,,,,,,Programada,,,,,
,,,,,,,,,,,,Programada,,,,,
,,,,,,,,,,,,Programada,,,,,
,,,,,,,,,,,,Programada,,,,,
,,,,,,,,,,,,Programada,,,,,
,,,,,,,,,,,,Programada,,,,,
,,,,,,,,,,,,Programada,,,,,
,,,,,,,,,,,,Programada,,,,,
,,,,,,,,,,,,Programada,,,,,
,,,,,,,,,,,,Programada,,,,,
,,,,,,,,,,,,Programada,,,,,
,,,,,,,,,,,,Programada,,,,,
,,,,,,,,,,,,Programada,,,,,
,,,,,,,,,,,,Programada,,,,,
,,,,,,,,,,,,Programada,,,,,
,,,,,,,,,,,,Programada,,,,,
,,,,,,,,,,,,Programada,,,,,
,,,,,,,,,,,,Programada,,,,,
,,,,,,,,,,,,Programada,,,,,
,,,,,,,,,,,,Programada,,,,,
,,,,,,,,,,,,Programada,,,,,
,,,,,,,,,,,,Programada,,,,,
,,,,,,,,,,,,Programada,,,,,
,,,,,,,,,,,,Programada,,,,,
,,,,,,,,,,,,Programada,,,,,
,,,,,,,,,,,,Programada,,,,,
,,,,,,,,,,,,Programada,,,,,
,,,,,,,,,,,,Programada,,,,,
,,,,,,,,,,,,Programada,,,,,
,,,,,,,,,,,,Programada,,,,,
,,,,,,,,,,,,Programada,,,,,
,,,,,,,,,,,,Programada,,,,,
,,,,,,,,,,,,Programada,,,,,
,,,,,,,,,,,,Programada,,,,,
,,,,,,,,,,,,Programada,,,,,
,,,,,,,,,,,,Programada,,,,,
,,,,,,,,,,,,Programada,,,,,
,,,,,,,,,,,,Programada,,,,,
,,,,,,,,,,,,Programada,,,,,
,,,,,,,,,,,,Programada,,,,,
,,,,,,,,,,,,Programada,,,,,
,,,,,,,,,,,,Programada,,,,,
,,,,,,,,,,,,Programada,,,,,
,,,,,,,,,,,,Programada,,,,,
,,,,,,,,,,,,Programada,,,,,
,,,,,,,,,,,,Programada,,,,,
,,,,,,,,,,,,Programada,,,,,
,,,,,,,,,,,,Programada,,,,,
,,,,,,,,,,,,Programada,,,,,
,,,,,,,,,,,,Programada,,,,,
,,,,,,,,,,,,Programada,,,,,
,,,,,,,,,,,,Programada,,,,,
,,,,,,,,,,,,Programada,,,,,
,,,,,,,,,,,,Programada,,,,,
,,,,,,,,,,,,Programada,,,,,
,,,,,,,,,,,,Programada,,,,,
,,,,,,,,,,,,Programada,,,,,
,,,,,,,,,,,,Programada,,,,,
,,,,,,,,,,,,Programada,,,,,
,,,,,,,,,,,,Programada,,,,,
,,,,,,,,,,,,Programada,,,,,
,,,,,,,,,,,,Programada,,,,,
,,,,,,,,,,,,Programada,,,,,
,,,,,,,,,,,,Programada,,,,,
,,,,,,,,,,,,Programada,,,,,
,,,,,,,,,,,,Programada,,,,,
,,,,,,,,,,,,Programada,,,,,
,,,,,,,,,,,,Programada,,,,,
,,,,,,,,,,,,Programada,,,,,
,,,,,,,,,,,,Programada,,,,,
,,,,,,,,,,,,Programada,,,,,
,,,,,,,,,,,,Programada,,,,,
,,,,,,,,,,,,Programada,,,,,
,,,,,,,,,,,,Programada,,,,,
,,,,,,,,,,,,Programada,,,,,
,,,,,,,,,,,,Programada,,,,,
,,,,,,,,,,,,Programada,,,,,
,,,,,,,,,,,,Programada,,,,,
,,,,,,,,,,,,Programada,,,,,
,,,,,,,,,,,,Programada,,,,,
,,,,,,,,,,,,Programada,,,,,
,,,,,,,,,,,,Programada,,,,,
,,,,,,,,,,,,Programada,,,,,
,,,,,,,,,,,,Programada,,,,,
,,,,,,,,,,,,Programada,,,,,
,,,,,,,,,,,,Programada,,,,,
,,,,,,,,,,,,Programada,,,,,
,,,,,,,,,,,,Programada,,,,,
,,,,,,,,,,,,Programada,,,,,
,,,,,,,,,,,,Programada,,,,,
,,,,,,,,,,,,Programada,,,,,
,,,,,,,,,,,,Programada,,,,,
,,,,,,,,,,,,Programada,,,,,
,,,,,,,,,,,,Programada,,,,,
,,,,,,,,,,,,Programada,,,,,
,,,,,,,,,,,,Programada,,,,,
,,,,,,,,,,,,Programada,,,,,
,,,,,,,,,,,,Programada,,,,,
,,,,,,,,,,,,Programada,,,,,
,,,,,,,,,,,,Programada,,,,,
,,,,,,,,,,,,Programada,,,,,
,,,,,,,,,,,,Programada,,,,,
,,,,,,,,,,,,Programada,,,,,
,,,,,,,,,,,,Programada,,,,,
,,,,,,,,,,,,Programada,,,,,
,,,,,,,,,,,,Programada,,,,,
,,,,,,,,,,,,Programada,,,,,
,,,,,,,,,,,,Programada,,,,,
,,,,,,,,,,,,Programada,,,,,
,,,,,,,,,,,,Programada,,,,,
,,,,,,,,,,,,Programada,,,,,
,,,,,,,,,,,,Programada,,,,,
,,,,,,,,,,,,Programada,,,,,
,,,,,,,,,,,,Programada,,,,,
,,,,,,,,,,,,Programada,,,,,
,,,,,,,,,,,,Programada,,,,,
,,,,,,,,,,,,Programada,,,,,
,,,,,,,,,,,,Programada,,,,,
,,,,,,,,,,,,Programada,,,,,
,,,,,,,,,,,,Programada,,,,,
,,,,,,,,,,,,Programada,,,,,
,,,,,,,,,,,,Programada,,,,,
,,,,,,,,,,,,Programada,,,,,
,,,,,,,,,,,,Programada,,,,,
,,,,,,,,,,,,Programada,,,,,
,,,,,,,,,,,,Programada,,,,,
,,,,,,,,,,,,Programada,,,,,
,,,,,,,,,,,,Programada,,,,,
,,,,,,,,,,,,Programada,,,,,
,,,,,,,,,,,,Programada,,,,,
,,,,,,,,,,,,Programada,,,,,
,,,,,,,,,,,,Programada,,,,,
,,,,,,,,,,,,Programada,,,,,
,,,,,,,,,,,,Programada,,,,,
,,,,,,,,,,,,Programada,,,,,
,,,,,,,,,,,,Programada,,,,,
,,,,,,,,,,,,Programada,,,,,
,,,,,,,,,,,,Programada,,,,,
,,,,,,,,,,,,Programada,,,,,
,,,,,,,,,,,,Programada,,,,,
,,,,,,,,,,,,Programada,,,,,
,,,,,,,,,,,,Programada,,,,,
,,,,,,,,,,,,Programada,,,,,
,,,,,,,,,,,,Programada,,,,,
,,,,,,,,,,,,Programada,,,,,
,,,,,,,,,,,,Programada,,,,,
,,,,,,,,,,,,Programada,,,,,
,,,,,,,,,,,,Programada,,,,,
,,,,,,,,,,,,Programada,,,,,
,,,,,,,,,,,,Programada,,,,,
,,,,,,,,,,,,Programada,,,,,
,,,,,,,,,,,,Programada,,,,,
,,,,,,,,,,,,Programada,,,,,
,,,,,,,,,,,,Programada,,,,,
,,,,,,,,,,,,Programada,,,,,
,,,,,,,,,,,,Programada,,,,,
,,,,,,,,,,,,Programada,,,,,
,,,,,,,,,,,,Programada,,,,,
,,,,,,,,,,,,Programada,,,,,
,,,,,,,,,,,,Programada,,,,,
,,,,,,,,,,,,Programada,,,,,
,,,,,,,,,,,,Programada,,,,,
,,,,,,,,,,,,Programada,,,,,
,,,,,,,,,,,,,,,,,
,,,,,,,,,,,,,,,,,
,,,,,,,,,,,,,,,,,
,,,,,,,,,,,,,,,,,
,,,,,,,,,,,,,,,,,
,,,,,,,,,,,,,,,,,
,,,,,,,,,,,,,,,,,
,,,,,,,,,,,,,,,,,
,,,,,,,,,,,,,,,,,
,,,,,,,,,,,,,,,,,
,,,,,,,,,,,,,,,,,
,,,,,,,,,,,,,,,,,
,,,,,,,,,,,,,,,,,
,,,,,,,,,,,,,,,,,
,,,,,,,,,,,,,,,,,
,,,,,,,,,,,,,,,,,
,,,,,,,,,,,,,,,,,
,,,,,,,,,,,,,,,,,
,,,,,,,,,,,,,,,,,
,,,,,,,,,,,,,,,,,
,,,,,,,,,,,,,,,,,
,,,,,,,,,,,,,,,,,
,,,,,,,,,,,,,,,,,
,,,,,,,,,,,,,,,,,
,,,,,,,,,,,,,,,,,
,,,,,,,,,,,,,,,,,
,,,,,,,,,,,,,,,,,
,,,,,,,,,,,,,,,,,
,,,,,,,,,,,,,,,,,
,,,,,,,,,,,,,,,,,
,,,,,,,,,,,,,,,,,
,,,,,,,,,,,,,,,,,
,,,,,,,,,,,,,,,,,
,,,,,,,,,,,,,,,,,
,,,,,,,,,,,,,,,,,
,,,,,,,,,,,,,,,,,
,,,,,,,,,,,,,,,,,
,,,,,,,,,,,,,,,,,
,,,,,,,,,,,,,,,,,
,,,,,,,,,,,,,,,,,
,,,,,,,,,,,,,,,,,
,,,,,,,,,,,,,,,,,
,,,,,,,,,,,,,,,,,
,,,,,,,,,,,,,,,,,
,,,,,,,,,,,,,,,,,
,,,,,,,,,,,,,,,,,
,,,,,,,,,,,,,,,,,
,,,,,,,,,,,,,,,,,
,,,,,,,,,,,,,,,,,
,,,,,,,,,,,,,,,,,
,,,,,,,,,,,,,,,,,
,,,,,,,,,,,,,,,,,
,,,,,,,,,,,,,,,,,
,,,,,,,,,,,,,,,,,
,,,,,,,,,,,,,,,,,
,,,,,,,,,,,,,,,,,
,,,,,,,,,,,,,,,,,
,,,,,,,,,,,,,,,,,
,,,,,,,,,,,,,,,,,
,,,,,,,,,,,,,,,,,
,,,,,,,,,,,,,,,,,
,,,,,,,,,,,,,,,,,
,,,,,,,,,,,,,,,,,
,,,,,,,,,,,,,,,,,
,,,,,,,,,,,,,,,,,
,,,,,,,,,,,,,,,,,
,,,,,,,,,,,,,,,,,
,,,,,,,,,,,,,,,,,
,,,,,,,,,,,,,,,,,
,,,,,,,,,,,,,,,,,
,,,,,,,,,,,,,,,,,
,,,,,,,,,,,,,,,,,
,,,,,,,,,,,,,,,,,
,,,,,,,,,,,,,,,,,
,,,,,,,,,,,,,,,,,
,,,,,,,,,,,,,,,,,
,,,,,,,,,,,,,,,,,
,,,,,,,,,,,,,,,,,
,,,,,,,,,,,,,,,,,
,,,,,,,,,,,,,,,,,
,,,,,,,,,,,,,,,,,
,,,,,,,,,,,,,,,,,
,,,,,,,,,,,,,,,,,
,,,,,,,,,,,,,,,,,
,,,,,,,,,,,,,,,,,
,,,,,,,,,,,,,,,,,
,,,,,,,,,,,,,,,,,
,,,,,,,,,,,,,,,,,
,,,,,,,,,,,,,,,,,
,,,,,,,,,,,,,,,,,
,,,,,,,,,,,,,,,,,
,,,,,,,,,,,,,,,,,
,,,,,,,,,,,,,,,,,
,,,,,,,,,,,,,,,,,
,,,,,,,,,,,,,,,,,
,,,,,,,,,,,,,,,,,
,,,,,,,,,,,,,,,,,
,,,,,,,,,,,,,,,,,
,,,,,,,,,,,,,,,,,
,,,,,,,,,,,,,,,,,
,,,,,,,,,,,,,,,,,
,,,,,,,,,,,,,,,,,
,,,,,,,,,,,,,,,,,
,,,,,,,,,,,,,,,,,
,,,,,,,,,,,,,,,,,
,,,,,,,,,,,,,,,,,
,,,,,,,,,,,,,,,,,
,,,,,,,,,,,,,,,,,
,,,,,,,,,,,,,,,,,
,,,,,,,,,,,,,,,,,
,,,,,,,,,,,,,,,,,
,,,,,,,,,,,,,,,,,
,,,,,,,,,,,,,,,,,
,,,,,,,,,,,,,,,,,
,,,,,,,,,,,,,,,,,
,,,,,,,,,,,,,,,,,
,,,,,,,,,,,,,,,,,
,,,,,,,,,,,,,,,,,
,,,,,,,,,,,,,,,,,
,,,,,,,,,,,,,,,,,
,,,,,,,,,,,,,,,,,
,,,,,,,,,,,,,,,,,
,,,,,,,,,,,,,,,,,
,,,,,,,,,,,,,,,,,
,,,,,,,,,,,,,,,,,
,,,,,,,,,,,,,,,,,
,,,,,,,,,,,,,,,,,
,,,,,,,,,,,,,,,,,
,,,,,,,,,,,,,,,,,
,,,,,,,,,,,,,,,,,
,,,,,,,,,,,,,,,,,
,,,,,,,,,,,,,,,,,
,,,,,,,,,,,,,,,,,
,,,,,,,,,,,,,,,,,
,,,,,,,,,,,,,,,,,
,,,,,,,,,,,,,,,,,
,,,,,,,,,,,,,,,,,
,,,,,,,,,,,,,,,,,
,,,,,,,,,,,,,,,,,
,,,,,,,,,,,,,,,,,
,,,,,,,,,,,,,,,,,
,,,,,,,,,,,,,,,,,
,,,,,,,,,,,,,,,,,
,,,,,,,,,,,,,,,,,
,,,,,,,,,,,,,,,,,
,,,,,,,,,,,,,,,,,
,,,,,,,,,,,,,,,,,
,,,,,,,,,,,,,,,,,
,,,,,,,,,,,,,,,,,
,,,,,,,,,,,,,,,,,
,,,,,,,,,,,,,,,,,
,,,,,,,,,,,,,,,,,
,,,,,,,,,,,,,,,,,
,,,,,,,,,,,,,,,,,
,,,,,,,,,,,,,,,,,
,,,,,,,,,,,,,,,,,
,,,,,,,,,,,,,,,,,
,,,,,,,,,,,,,,,,,
,,,,,,,,,,,,,,,,,
,,,,,,,,,,,,,,,,,
,,,,,,,,,,,,,,,,,
,,,,,,,,,,,,,,,,,
,,,,,,,,,,,,,,,,,
,,,,,,,,,,,,,,,,,
,,,,,,,,,,,,,,,,,
,,,,,,,,,,,,,,,,,
,,,,,,,,,,,,,,,,,
,,,,,,,,,,,,,,,,,
,,,,,,,,,,,,,,,,,
,,,,,,,,,,,,,,,,,
,,,,,,,,,,,,,,,,,
,,,,,,,,,,,,,,,,,
,,,,,,,,,,,,,,,,,
,,,,,,,,,,,,,,,,,
,,,,,,,,,,,,,,,,,
,,,,,,,,,,,,,,,,,
,,,,,,,,,,,,,,,,,
,,,,,,,,,,,,,,,,,
,,,,,,,,,,,,,,,,,
,,,,,,,,,,,,,,,,,
,,,,,,,,,,,,,,,,,
,,,,,,,,,,,,,,,,,
,,,,,,,,,,,,,,,,,
,,,,,,,,,,,,,,,,,
,,,,,,,,,,,,,,,,,
,,,,,,,,,,,,,,,,,
,,,,,,,,,,,,,,,,,
,,,,,,,,,,,,,,,,,
,,,,,,,,,,,,,,,,,
,,,,,,,,,,,,,,,,,
,,,,,,,,,,,,,,,,,
,,,,,,,,,,,,,,,,,
,,,,,,,,,,,,,,,,,
,,,,,,,,,,,,,,,,,
,,,,,,,,,,,,,,,,,
,,,,,,,,,,,,,,,,,
,,,,,,,,,,,,,,,,,
,,,,,,,,,,,,,,,,,
,,,,,,,,,,,,,,,,,
,,,,,,,,,,,,,,,,,
,,,,,,,,,,,,,,,,,
,,,,,,,,,,,,,,,,,
,,,,,,,,,,,,,,,,,
,,,,,,,,,,,,,,,,,
,,,,,,,,,,,,,,,,,
,,,,,,,,,,,,,,,,,
,,,,,,,,,,,,,,,,,
,,,,,,,,,,,,,,,,,
,,,,,,,,,,,,,,,,,
,,,,,,,,,,,,,,,,,
,,,,,,,,,,,,,,,,,
,,,,,,,,,,,,,,,,,
,,,,,,,,,,,,,,,,,
,,,,,,,,,,,,,,,,,
,,,,,,,,,,,,,,,,,
,,,,,,,,,,,,,,,,,
,,,,,,,,,,,,,,,,,
,,,,,,,,,,,,,,,,,
,,,,,,,,,,,,,,,,,
,,,,,,,,,,,,,,,,,
,,,,,,,,,,,,,,,,,
,,,,,,,,,,,,,,,,,
,,,,,,,,,,,,,,,,,
,,,,,,,,,,,,,,,,,
,,,,,,,,,,,,,,,,,
,,,,,,,,,,,,,,,,,
,,,,,,,,,,,,,,,,,
,,,,,,,,,,,,,,,,,
,,,,,,,,,,,,,,,,,
,,,,,,,,,,,,,,,,,
,,,,,,,,,,,,,,,,,
,,,,,,,,,,,,,,,,,
,,,,,,,,,,,,,,,,,
,,,,,,,,,,,,,,,,,
,,,,,,,,,,,,,,,,,
,,,,,,,,,,,,,,,,,
,,,,,,,,,,,,,,,,,
,,,,,,,,,,,,,,,,,
,,,,,,,,,,,,,,,,,
,,,,,,,,,,,,,,,,,
,,,,,,,,,,,,,,,,,
,,,,,,,,,,,,,,,,,
,,,,,,,,,,,,,,,,,
,,,,,,,,,,,,,,,,,
,,,,,,,,,,,,,,,,,
,,,,,,,,,,,,,,,,,
,,,,,,,,,,,,,,,,,
,,,,,,,,,,,,,,,,,
,,,,,,,,,,,,,,,,,
,,,,,,,,,,,,,,,,,
,,,,,,,,,,,,,,,,,
,,,,,,,,,,,,,,,,,
,,,,,,,,,,,,,,,,,
,,,,,,,,,,,,,,,,,
,,,,,,,,,,,,,,,,,
,,,,,,,,,Programada,,,,,,,,
,,,,,,,,,En proceso,,,,,,,,
,,,,,,,,,Finalizada,,,,,,,,
,,,,,,,,,Reprogramada,,,,,,,,
,,,,,,,,,Cerrada,,,,,,,,
,,,,,,,,,Cancelada,,,,,,,,
